RBP_Name,Strongest_Model_Region,Strongest_Model_Delta_Log2_TE,Strongest_Model_FDR,Strongest_Model_N_Transcripts,Strongest_Model_Direction,All_Model_Region_Effects,Best_Evidence_Level,Evidence_Mechanisms,Literature_Direction_Screen,Concordance_Screen,Top_References,N_Relevant_Papers_Screened
YBX3,CDS,0.1583711220265331,1.4753602365108165e-245,2024,Positive,"3UTR:+0.00381 (FDR=2.2e-28, n=1257) | 5UTR:+0.03950 (FDR=5.3e-14, n=250) | CDS:+0.15837 (FDR=1.5e-245, n=2024)",A,direct_translation;general_RNA_biology;lncRNA;pre_mRNA_splicing;stability_or_decay,context_dependent_or_mixed,context_dependent,Epstein-Barr virus drives nasopharyngeal carcinoma metastasis via RNA m&lt;sup&gt;5&lt;/sup&gt;C modification of ICAM-1 mediated by NSUN2 and YBX3. (2026; 10.1038/s41418-026-01719-4) || The RNA-Binding Protein YBX3 Controls Amino Acid Levels by Regulating SLC mRNA Abundance. (2019; 10.1016/j.celrep.2019.05.039) || YBX1&amp;YBX3 as novel targets to potentiate immune checkpoint blockade response in gliomas. (2026; 10.1093/neuonc/noaf227),24
CSDC2,CDS,0.0393147383672566,0.0001626641608544,27,Positive,"3UTR:-0.00491 (FDR=0.86, n=21) | CDS:+0.03931 (FDR=0.00016, n=27)",D,general_RNA_biology,not_resolved_from_abstract,not_assessable,MicroRNA-373 induces expression of genes with complementary promoter sequences. (2008; 10.1073/pnas.0707594105) || Construction and analysis of a joint diagnosis model of random forest and artificial neural network for heart failure. (2020; 10.18632/aging.202405) || Identification of key genes involved in the development and progression of early-onset colorectal cancer by co-expression network analysis. (2020; 10.3892/ol.2019.11073),9
CARHSP1,CDS,0.0393147383672566,0.0001626641608544,27,Positive,"3UTR:-0.00491 (FDR=0.86, n=21) | CDS:+0.03931 (FDR=0.00016, n=27)",A,direct_translation;general_RNA_biology;stability_or_decay,context_dependent_or_mixed,context_dependent,"The RNA binding protein CARHSP1 facilitates tumor growth, metastasis and immune escape by enhancing IL-17RA mRNA stabilization in prostate cancer. (2025; 10.1186/s13578-025-01371-4) || CARHSP1 is required for effective tumor necrosis factor alpha mRNA stabilization and localizes to processing bodies and exosomes. (2011; 10.1128/mcb.00775-10) || Proteome-transcriptome analysis and proteome remodeling in mouse lens epithelium and fibers. (2019; 10.1016/j.exer.2018.10.011)",9
ZC3H12A,5UTR,0.0477136244133457,5.462580713732489e-05,26,Positive,"3UTR:-0.00348 (FDR=0.0076, n=210) | 5UTR:+0.04771 (FDR=5.5e-05, n=26) | CDS:+0.01249 (FDR=0.00025, n=239)",A,direct_translation;general_RNA_biology;lncRNA;stability_or_decay,context_dependent_or_mixed,context_dependent,Zc3h12a is an RNase essential for controlling immune responses by regulating mRNA decay. (2009; 10.1038/nature07924) || mRNA degradation by the endoribonuclease Regnase-1/ZC3H12a/MCPIP-1. (2013; 10.1016/j.bbagrm.2013.03.001) || Long Noncoding RNAs Papillary Thyroid Carcinoma Susceptibility Candidate 3 Antisense 1 and Papillary Thyroid Carcinoma Susceptibility Candidate 3 Synergistically Regulate ZC3H12A mRNA Stability via Vimentin at 14q13.3 Thyroid Cancer Locus. (2025; 10.1089/thy.2024.0674),24
DAZL,CDS,0.0264819718607541,2.8339684306135354e-74,2251,Positive,"3UTR:-0.00730 (FDR=2.9e-43, n=2281) | 5UTR:+0.00647 (FDR=4.5e-06, n=827) | CDS:+0.02648 (FDR=2.8e-74, n=2251)",A,direct_translation;general_RNA_biology;pre_mRNA_splicing;stability_or_decay,positive_candidate,candidate_concordant,Genome-wide analysis of translation reveals a critical role for deleted in azoospermia-like (Dazl) at the oocyte-to-zygote transition. (2011; 10.1101/gad.2028911) || The DAZL family proteins are PABP-binding proteins that regulate translation in germ cells. (2005; 10.1038/sj.emboj.7600738) || Dazl binds in vivo to specific transcripts and can regulate the pre-meiotic translation of Mvh in germ cells. (2005; 10.1093/hmg/ddi414),24
MCM3AP,5UTR,0.0103163473069441,0.08326171875,15,Positive,"3UTR:+0.00642 (FDR=0.033, n=8) | 5UTR:+0.01032 (FDR=0.083, n=15) | CDS:+0.00343 (FDR=0.85, n=59)",A,direct_translation;general_RNA_biology;lncRNA;nuclear_export_or_retention;pre_mRNA_splicing,context_dependent_or_mixed,context_dependent,Long non-coding RNA MCM3AP antisense RNA 1 silencing upregulates microRNA-24-3p to accelerate proliferation and migration of vascular endothelial cells in myocardial infarction rats by reducing EIF4G2. (2022; 10.1080/15384101.2021.1988378) || Functional and structural characterization of the mammalian TREX-2 complex that links transcription with nuclear messenger RNA export. (2012; 10.1093/nar/gks059) || Identification of biallelic mutations in <i>MCM3AP</i> and comprehensive literature analysis. (2024; 10.3389/fgene.2024.1405644),24
RNPC3,3UTR,0.0096753395010714,0.0029497538527397,13,Positive,"3UTR:+0.00968 (FDR=0.0029, n=13) | CDS:+0.00299 (FDR=0.95, n=24)",B,general_RNA_biology;pre_mRNA_splicing;stability_or_decay,context_dependent_or_mixed,context_dependent,Minor Splicing Factor RNPC3 Is Essential for the Germinal Center B Cell Response. (2025; 10.1002/eji.202451508) || Early developmental arrest and impaired gastrointestinal homeostasis in U12-dependent splicing-defective <i>Rnpc3</i>-deficient mice. (2018; 10.1261/rna.068221.118) || Expanding the phenotype of biallelic RNPC3 variants associated with growth hormone deficiency. (2020; 10.1002/ajmg.a.61632),20
CELF3,CDS,0.0291544310957114,1.2993595206653951e-70,1880,Positive,"3UTR:-0.00922 (FDR=4.4e-39, n=1795) | 5UTR:+0.00591 (FDR=0.0024, n=512) | CDS:+0.02915 (FDR=1.3e-70, n=1880)",C,general_RNA_biology;lncRNA;pre_mRNA_splicing,not_resolved_from_abstract,not_assessable,Formation of nuclear bodies by the lncRNA Gomafu-associating proteins Celf3 and SF1. (2014; 10.1111/gtc.12169) || Convergent Evidence That ZNF804A Is a Regulator of Pre-messenger RNA Processing and Gene Expression. (2019; 10.1093/schbul/sby183) || Transcriptomic profile analysis of mouse neural tube development by RNA-Seq. (2017; 10.1002/iub.1653),10
HNRNPA3,CDS,0.0185424961716529,1.9464464485193105e-08,305,Positive,"3UTR:-0.00101 (FDR=0.62, n=562) | 5UTR:+0.00553 (FDR=0.32, n=74) | CDS:+0.01854 (FDR=1.9e-08, n=305)",A,direct_translation;general_RNA_biology;lncRNA;pre_mRNA_splicing;stability_or_decay,context_dependent_or_mixed,context_dependent,"ENDOU-1-induced cytoplasmic HnRNPA3 recognizes m6A methylation on the upstream reading frame of human CHOP transcripts to achieve maximal CHOP translation. (2026; 10.1007/s00018-026-06180-7) || SARS-CoV-2 N protein-induced Dicer, XPO5, SRSF3, and hnRNPA3 downregulation causes pneumonia. (2024; 10.1038/s41467-024-51192-1) || Identification of Key Candidate Proteins and Pathways Associated with Temozolomide Resistance in Glioblastoma Based on Subcellular Proteomics and Bioinformatical Analysis. (2018; 10.1155/2018/5238760)",24
RBM3,CDS,0.0192992537033918,1.2863000697890364e-21,798,Positive,"3UTR:-0.00228 (FDR=7.3e-06, n=592) | 5UTR:+0.00507 (FDR=0.32, n=137) | CDS:+0.01930 (FDR=1.3e-21, n=798)",A,direct_translation;general_RNA_biology;pre_mRNA_splicing;stability_or_decay,context_dependent_or_mixed,context_dependent,"Cold stress-induced protein Rbm3 binds 60S ribosomal subunits, alters microRNA levels, and enhances global protein synthesis. (2005; 10.1073/pnas.0409764102) || Translation regulatory factor RBM3 is a proto-oncogene that prevents mitotic catastrophe. (2008; 10.1038/onc.2008.97) || Two isoforms of the cold-inducible mRNA-binding protein RBM3 localize to dendrites and promote translation. (2007; 10.1111/j.1471-4159.2007.04521.x)",24
CIRBP,CDS,0.0192992537033918,1.2863000697890364e-21,798,Positive,"3UTR:-0.00228 (FDR=7.3e-06, n=592) | 5UTR:+0.00507 (FDR=0.32, n=137) | CDS:+0.01930 (FDR=1.3e-21, n=798)",A,direct_translation;general_RNA_biology;pre_mRNA_splicing;stability_or_decay,context_dependent_or_mixed,context_dependent,Alternative splicing induced by bacterial pore-forming toxins sharpens CIRBP-mediated cell response to Listeria infection. (2023; 10.1093/nar/gkad1033) || CIRBP Stabilizes &lt;i&gt;Slc7a11&lt;/i&gt; mRNA to Sustain the SLC7A11/GPX4 Antioxidant Axis and Limit Ferroptosis in Doxorubicin-Induced Cardiotoxicity. (2025; 10.3390/antiox14080930) || SUGP2 p.(Arg639Gln) variant is involved in the pathogenesis of hemochromatosis via the CIRBP/BMPER signaling pathway. (2024; 10.1002/ajh.27377),24
PABPC1L,CDS,0.0190848606581634,1.1350168892373316e-76,2685,Positive,"3UTR:-0.00384 (FDR=1.6e-34, n=2442) | 5UTR:+0.00453 (FDR=2e-06, n=1190) | CDS:+0.01908 (FDR=1.1e-76, n=2685)",A,direct_translation;general_RNA_biology;lncRNA;pre_mRNA_splicing,negative_candidate,candidate_discordant,Bi-allelic pathogenic variants in PABPC1L cause oocyte maturation arrest and female infertility. (2023; 10.15252/emmm.202217177) || Female infertility from oocyte maturation arrest: assembling the genetic puzzle. (2023; 10.15252/emmm.202317729) || A comprehensive expression landscape of RNA-binding proteins (RBPs) across 16 human cancer types. (2020; 10.1080/15476286.2019.1673657),18
PABPC3,CDS,0.0174529421709675,2.5005133182061043e-43,1359,Positive,"3UTR:-0.00196 (FDR=2.1e-06, n=1329) | 5UTR:+0.00433 (FDR=0.0022, n=224) | CDS:+0.01745 (FDR=2.5e-43, n=1359)",A,direct_translation;general_RNA_biology;stability_or_decay,context_dependent_or_mixed,context_dependent,"The poly(A)-binding protein genes, EPAB, PABPC1, and PABPC3 are differentially expressed in infertile men with non-obstructive azoospermia. (2016; 10.1007/s10815-016-0654-z) || PABPC3 drives ovarian cancer metastasis and drug sensitivity by downregulating CLDN1 expression. (2025; 10.1038/s41419-025-08151-5) || MKRN3-mediated ubiquitination of Poly(A)-binding proteins modulates the stability and translation of GNRH1 mRNA in mammalian puberty. (2021; 10.1093/nar/gkab155)",14
PABPC1,CDS,0.0203567514913146,1.360647977362499e-79,2676,Positive,"3UTR:-0.00398 (FDR=5.5e-27, n=2421) | 5UTR:+0.00408 (FDR=8.6e-06, n=1171) | CDS:+0.02036 (FDR=1.4e-79, n=2676)",A,direct_translation;general_RNA_biology;lncRNA;nuclear_export_or_retention;pre_mRNA_splicing;stability_or_decay,context_dependent_or_mixed,context_dependent,A conserved role for cytoplasmic poly(A)-binding protein 1 (PABPC1) in nonsense-mediated mRNA decay. (2007; 10.1038/sj.emboj.7601588) || The silencing domain of GW182 interacts with PABPC1 to promote translational repression and degradation of microRNA targets and is required for target release. (2009; 10.1128/mcb.01081-09) || Loss of full-length DAZL isoform disrupts PABPC1-dependent translational regulation and meiosis. (2025; 10.1038/s41419-025-08179-7),24
PABPC4L,CDS,0.0186618612475601,9.138897768721671e-69,2677,Positive,"3UTR:-0.00381 (FDR=8.5e-33, n=2423) | 5UTR:+0.00390 (FDR=5.2e-06, n=1171) | CDS:+0.01866 (FDR=9.1e-69, n=2677)",D,general_RNA_biology,context_dependent_or_mixed,context_dependent,Segregation and potential functional impact of a rare stop-gain PABPC4L variant in familial atypical Parkinsonism. (2019; 10.1038/s41598-019-50102-6) || Rare copy number variation in treatment-resistant major depressive disorder. (2014; 10.1016/j.biopsych.2013.10.028) || Playing both sides - Epstein-Barr Virus accumulates select cellular transcripts to counter virus-mediated host shut-off in lytic cells. (2026; 10.1371/journal.ppat.1014211),3
RBMY1A1,CDS,0.0088144943418527,4.1091437619455157e-25,2773,Positive,"3UTR:+0.00208 (FDR=5.5e-29, n=2562) | 5UTR:+0.00283 (FDR=0.00037, n=1636) | CDS:+0.00881 (FDR=4.1e-25, n=2773)",D,general_RNA_biology,positive_candidate,candidate_concordant,Genetic dissection of the AZF regions of the human Y chromosome: thriller or filler for male (in)fertility? (2010; 10.1155/2010/936569) || Loss of maternal Trim28 causes male-predominant early embryonic lethality. (2017; 10.1101/gad.291195.116) || Hypermethylation of genes in testicular embryonal carcinomas. (2016; 10.1038/bjc.2015.408),4
NUPL2,CDS,0.0179141743055135,6.332958786365845e-91,2554,Positive,"3UTR:-0.00257 (FDR=2.6e-14, n=2505) | 5UTR:+0.00257 (FDR=0.0029, n=1115) | CDS:+0.01791 (FDR=6.3e-91, n=2554)",C,general_RNA_biology;pre_mRNA_splicing,not_resolved_from_abstract,not_assessable,"Identification of Candidate Parkinson Disease Genes by Integrating Genome-Wide Association Study, Expression, and Epigenetic Data Sets. (2021; 10.1001/jamaneurol.2020.5257) || Artificial intelligence in neurodegenerative disease research: use of IBM Watson to identify additional RNA-binding proteins altered in amyotrophic lateral sclerosis. (2018; 10.1007/s00401-017-1785-8) || Increased brain expression of GPNMB is associated with genome wide significant risk for Parkinson's disease on chromosome 7p15.3. (2017; 10.1007/s10048-017-0514-8)",5
KHDRBS2,CDS,0.0220424625837462,1.3877367603154777e-59,1805,Positive,"3UTR:-0.00012 (FDR=0.27, n=2437) | 5UTR:+0.00251 (FDR=0.098, n=645) | CDS:+0.02204 (FDR=1.4e-59, n=1805)",C,general_RNA_biology;lncRNA;pre_mRNA_splicing,positive_candidate,candidate_concordant,Next-generation sequencing of translocation renal cell carcinoma reveals novel RNA splicing partners and frequent mutations of chromatin-remodeling genes. (2014; 10.1158/1078-0432.ccr-13-3036) || Pseudogene ACTBP2 increases blood-brain barrier permeability by promoting KHDRBS2 transcription through recruitment of KMT2D/WDR5 in Aβ<sub>1-</sub><sub>42</sub> microenvironment. (2021; 10.1038/s41420-021-00531-y) || Comprehensive analysis of pre-mRNA alternative splicing regulated by m6A methylation in pig oxidative and glycolytic skeletal muscles. (2022; 10.1186/s12864-022-09043-0),21
EIF4A3,5UTR,0.0063563162335591,0.0027732705055253,131,Positive,"3UTR:+0.00236 (FDR=6.3e-09, n=1112) | 5UTR:+0.00636 (FDR=0.0028, n=131) | CDS:-0.00581 (FDR=0.04, n=317)",A,direct_translation;general_RNA_biology;lncRNA;nuclear_export_or_retention;pre_mRNA_splicing;stability_or_decay,context_dependent_or_mixed,context_dependent,eIF4A3 is a novel component of the exon junction complex. (2004; 10.1261/rna.5230104) || EIF4A3-dependent nonsense-mediated decay buffers AML1-ETO9a dosage and modulates outcome in t(8;21) acute myeloid leukemia. (2026; 10.1038/s41375-026-03051-9) || UCA1 facilitates endometriosis progression through EIF4A3-mediated stabilization of E2F1 mRNA and enhanced glycolysis. (2026; 10.1016/j.cellsig.2026.112620),24
DDX19B,5UTR,0.0063563162335591,0.0027732705055253,131,Positive,"3UTR:+0.00236 (FDR=6.3e-09, n=1112) | 5UTR:+0.00636 (FDR=0.0028, n=131) | CDS:-0.00581 (FDR=0.04, n=317)",A,direct_translation;general_RNA_biology;nuclear_export_or_retention;stability_or_decay,not_resolved_from_abstract,not_assessable,Translation mediated by the nuclear cap-binding complex is confined to the perinuclear region via a CTIF-DDX19B interaction. (2021; 10.1093/nar/gkab579) || Nup42 and IP<sub>6</sub> coordinate Gle1 stimulation of Dbp5/DDX19B for mRNA export in yeast and human cells. (2017; 10.1111/tra.12526) || Exploration of binary virus-host interactions using an infectious protein complementation assay. (2013; 10.1074/mcp.m113.028688),11
G3BP1,CDS,0.0241535938408865,2.5133497384749214e-16,493,Positive,"3UTR:-0.00052 (FDR=0.6, n=338) | 5UTR:+0.00214 (FDR=0.2, n=146) | CDS:+0.02415 (FDR=2.5e-16, n=493)",A,direct_translation;general_RNA_biology;lncRNA;pre_mRNA_splicing;stability_or_decay,context_dependent_or_mixed,context_dependent,"Structure-Mediated RNA Decay by UPF1 and G3BP1. (2020; 10.1016/j.molcel.2020.01.021) || G3BP1, G3BP2 and CAPRIN1 are required for translation of interferon stimulated mRNAs and are targeted by a dengue virus non-coding RNA. (2014; 10.1371/journal.ppat.1004242) || YB-1 regulates stress granule formation and tumor progression by translationally activating G3BP1. (2015; 10.1083/jcb.201411047)",24
U2AF2,CDS,-0.0113747473831509,1.308523950987621e-12,1191,Negative,"3UTR:+0.00320 (FDR=1.1e-18, n=1812) | 5UTR:+0.00180 (FDR=0.039, n=420) | CDS:-0.01137 (FDR=1.3e-12, n=1191)",A,direct_translation;general_RNA_biology;nuclear_export_or_retention;pre_mRNA_splicing;stability_or_decay,context_dependent_or_mixed,context_dependent,Chromatin-bound U2AF2 splicing factor ensures exon inclusion. (2025; 10.1016/j.molcel.2025.04.013) || Exploitation of host U2AF1 and U2AF2 splicing factors facilitates mosquito-borne orthoflavivirus infection across species. (2026; 10.1093/nar/gkag713) || OTUB2 stabilizes U2AF2 to promote the Warburg effect and tumorigenesis via the AKT/mTOR signaling pathway in non-small cell lung cancer. (2019; 10.7150/thno.29545),24
ENSG00000282755,CDS,-0.0097902039228801,8.915582977916374e-12,1286,Negative,"3UTR:+0.00225 (FDR=1.9e-10, n=1878) | 5UTR:+0.00176 (FDR=0.013, n=442) | CDS:-0.00979 (FDR=8.9e-12, n=1286)",None,no_symbol-specific_hit,not_available,not_assessable,,0
AC245033.1,CDS,-0.0097902039228801,8.915582977916374e-12,1286,Negative,"3UTR:+0.00224 (FDR=1.9e-10, n=1878) | 5UTR:+0.00176 (FDR=0.013, n=442) | CDS:-0.00979 (FDR=8.9e-12, n=1286)",None,no_symbol-specific_hit,not_available,not_assessable,,0
ENSG00000277445,CDS,-0.0097902039228801,8.915582977916374e-12,1286,Negative,"3UTR:+0.00224 (FDR=1.9e-10, n=1878) | 5UTR:+0.00176 (FDR=0.013, n=442) | CDS:-0.00979 (FDR=8.9e-12, n=1286)",None,no_symbol-specific_hit,not_available,not_assessable,,0
ELAVL2,CDS,0.0137403618010702,3.9386063047501545e-80,2736,Positive,"3UTR:-0.00053 (FDR=0.011, n=2633) | 5UTR:+0.00168 (FDR=6.3e-07, n=1695) | CDS:+0.01374 (FDR=3.9e-80, n=2736)",A,direct_translation;general_RNA_biology;lncRNA;pre_mRNA_splicing;stability_or_decay,context_dependent_or_mixed,context_dependent,ELAVL2-directed RNA regulatory network drives the formation of quiescent primordial follicles. (2019; 10.15252/embr.201948251) || HuR (Elavl1) and HuB (Elavl2) Stabilize Matrix Metalloproteinase-9 mRNA During Seizure-Induced Mmp-9 Expression in Neurons. (2018; 10.3389/fnins.2018.00224) || ELAVL2 loss promotes aggressive mesenchymal transition in glioblastoma. (2024; 10.1038/s41698-024-00566-1),22
NOVA1,CDS,0.0100343257345481,1.0255050790006262e-37,2797,Positive,"3UTR:+0.00157 (FDR=3.8e-07, n=2673) | 3UTR:+0.00112 (FDR=0.0023, n=2148) | 5UTR:+0.00384 (FDR=7.2e-14, n=910) | 5UTR:-0.00271 (FDR=0.004, n=2272) | CDS:+0.01003 (FDR=1e-37, n=2797) | CDS:+0.00467 (FDR=3e-14, n=2502)",B,general_RNA_biology;pre_mRNA_splicing;stability_or_decay,context_dependent_or_mixed,context_dependent,Reintroduction of the archaic variant of <i>NOVA1</i> in cortical organoids alters neurodevelopment. (2021; 10.1126/science.aax2537) || Nova1 is a master regulator of alternative splicing in pancreatic beta cells. (2014; 10.1093/nar/gku861) || NOVA1 regulates hTERT splicing and cell growth in non-small cell lung cancer. (2018; 10.1038/s41467-018-05582-x),24
RBM34,CDS,0.0127363098568636,9.996031621451052e-40,1715,Positive,"3UTR:+0.00154 (FDR=1.8e-08, n=1323) | 5UTR:-0.00134 (FDR=0.74, n=258) | CDS:+0.01274 (FDR=1e-39, n=1715)",D,general_RNA_biology,positive_candidate,candidate_concordant,Oncogenic and immunological values of RBM34 in osteosarcoma and its pan-cancer analysis. (2023; PMID:38058813) || Overexpression of RBM34 Promotes Tumor Progression and Correlates with Poor Prognosis of Hepatocellular Carcinoma. (2023; 10.14218/jcth.2022.00166) || Functional Networks of Highest-Connected Splice Isoforms: From The Chromosome 17 Human Proteome Project. (2015; 10.1021/acs.jproteome.5b00494),9
RBM47,CDS,0.0098158956291915,2.4409799620539068e-40,2374,Positive,"3UTR:+0.00144 (FDR=5.1e-08, n=2529) | 5UTR:-0.00053 (FDR=0.76, n=907) | CDS:+0.00982 (FDR=2.4e-40, n=2374)",A,direct_translation;general_RNA_biology;lncRNA;pre_mRNA_splicing;stability_or_decay,context_dependent_or_mixed,context_dependent,"C to U RNA editing mediated by APOBEC1 requires RNA-binding protein RBM47. (2014; 10.15252/embr.201438450) || RNA-binding protein RBM47 in health and disease: molecular mechanisms, preclinical evidence, and translational challenges. (2026; 10.3389/fimmu.2026.1863629) || Loss of the multifunctional RNA-binding protein RBM47 as a source of selectable metastatic traits in breast cancer. (2014; 10.7554/elife.02734)",24
SART3,CDS,0.0124710040519424,5.087164899350914e-30,1853,Positive,"3UTR:-0.00258 (FDR=5.6e-15, n=1809) | 5UTR:+0.00141 (FDR=0.17, n=574) | CDS:+0.01247 (FDR=5.1e-30, n=1853)",A,direct_translation;general_RNA_biology;lncRNA;pre_mRNA_splicing;stability_or_decay,context_dependent_or_mixed,context_dependent,Network of coregulated spliceosome components revealed by zebrafish mutant in recycling factor p110. (2007; 10.1073/pnas.0701919104) || Targeting of U4/U6 small nuclear RNP assembly factor SART3/p110 to Cajal bodies. (2003; 10.1083/jcb.200210087) || The U4/U6 recycling factor SART3 has histone chaperone activity and associates with USP15 to regulate H2B deubiquitination. (2014; 10.1074/jbc.m114.551754),23
SRSF11,CDS,0.0111318805443387,4.51742737098701e-24,2759,Positive,"3UTR:-0.00085 (FDR=0.027, n=2552) | 5UTR:+0.00138 (FDR=0.041, n=1873) | CDS:+0.01113 (FDR=4.5e-24, n=2759)",A,direct_translation;general_RNA_biology;pre_mRNA_splicing;stability_or_decay,positive_candidate,candidate_concordant,Dysregulation of SRSF11 in Cancer: Mechanistic Insights and Biomarker Potential for Diagnosis and Therapy. (2026; 10.7150/jca.123791) || Alternative splicing of HSPA12A pre-RNA by SRSF11 contributes to metastasis potential of colorectal cancer. (2022; 10.1002/ctm2.1113) || KAT2A-driven succinylation of SRSF11 enforces spliceosome-mediated RAD52 splicing to promote homologous recombination and radioresistance in hepatocellular carcinoma. (2025; 10.1038/s41392-025-02458-7),22
PPIE,CDS,0.0133560263344987,6.657472803982622e-39,1970,Positive,"3UTR:-0.00268 (FDR=4e-10, n=2516) | 5UTR:+0.00133 (FDR=0.041, n=802) | CDS:+0.01336 (FDR=6.7e-39, n=1970)",A,direct_translation;general_RNA_biology;pre_mRNA_splicing,positive_candidate,candidate_concordant,Co-creating a patient and public involvement and engagement 'how to' guide for researchers. (2020; 10.1186/s40900-020-00208-3) || Evaluating Patient and Public Involvement and Engagement Activity Within the 3DPiPPIn Trial: A Qualitative Exploration of Contributors' Perspectives on Their Impact. (2026; 10.1111/hex.70674) || Distinct Processing of lncRNAs Contributes to Non-conserved Functions in Stem Cells. (2020; 10.1016/j.cell.2020.03.006),24
SF3B6,CDS,-0.0057644031208885,0.000307312330896,1190,Negative,"3UTR:+0.00424 (FDR=2.1e-37, n=1719) | 5UTR:+0.00114 (FDR=0.028, n=380) | CDS:-0.00576 (FDR=0.00031, n=1190)",B,general_RNA_biology;lncRNA;pre_mRNA_splicing;stability_or_decay,positive_candidate,candidate_discordant,The long non-coding RNA DKFZp434J0226 regulates the alternative splicing process through phosphorylation of SF3B6 in PDAC. (2021; 10.1186/s10020-021-00347-7) || Bioinformatics analysis across pan-cancer and experimental validation in hepatocellular carcinoma revealed the oncogenic role of SF3B6. (2025; 10.3389/fphar.2025.1516534) || SF3B6 promotes the oncogenic phenotypes of MDA-MB-231 cells by extensively interacting with and regulating transcripts expression and alternative splicing. (2025; 10.1038/s41598-025-23477-y),16
RBM6,CDS,0.0088245247773116,1.3982259326058187e-34,2776,Positive,"3UTR:+0.00113 (FDR=0.00061, n=2536) | 5UTR:-0.00099 (FDR=0.67, n=2052) | CDS:+0.00882 (FDR=1.4e-34, n=2776)",A,direct_translation;general_RNA_biology;pre_mRNA_splicing;stability_or_decay,context_dependent_or_mixed,context_dependent,RBM6-RBM5 transcription-induced chimeras are differentially expressed in tumours. (2007; 10.1186/1471-2164-8-348) || RBM6 splicing factor promotes homologous recombination repair of double-strand breaks and modulates sensitivity to chemotherapeutic drugs. (2021; 10.1093/nar/gkab976) || Recruitment of RBM6 to DNA Double-Strand Breaks Fosters Homologous Recombination Repair. (2023; 10.1080/10985549.2023.2187105),22
TIA1,CDS,0.0171272297756685,5.111232272269674e-82,2787,Positive,"3UTR:+0.00037 (FDR=0.11, n=2659) | 5UTR:+0.00104 (FDR=1.5e-05, n=1901) | CDS:+0.01713 (FDR=5.1e-82, n=2787)",A,direct_translation;general_RNA_biology;pre_mRNA_splicing;stability_or_decay,context_dependent_or_mixed,context_dependent,Interaction of tau with the RNA-Binding Protein TIA1 Regulates tau Pathophysiology and Toxicity. (2016; 10.1016/j.celrep.2016.04.045) || Reducing the RNA binding protein TIA1 protects against tau-mediated neurodegeneration in vivo. (2018; 10.1038/s41593-017-0022-z) || Hepatocyte TIA1 constrains metabolic steatohepatitis by translationally suppressing Srebf1 mRNA in stress granules. (2026; 10.1038/s41419-026-08682-5),24
RBFOX1,5UTR,-0.0096613411293999,7.667094987813448e-09,298,Negative,"3UTR:+0.00092 (FDR=0.025, n=1500) | 5UTR:-0.00966 (FDR=7.7e-09, n=298) | CDS:+0.00561 (FDR=4.9e-09, n=1790)",A,direct_translation;general_RNA_biology;pre_mRNA_splicing;stability_or_decay,context_dependent_or_mixed,context_dependent,Cytoplasmic Rbfox1 Regulates the Expression of Synaptic and Autism-Related Genes. (2016; 10.1016/j.neuron.2015.11.025) || RBFOX1 Regulates Calcium Signaling and Enhances SERCA2 Translation. (2025; 10.3390/cells14090664) || CircRbfox1 Contributes to Colonic Hypersensitivity in Rats With Diabetes by Altering HuC Subcellular Localization to Regulate RBFOX1 Expression. (2026; 10.1002/cns.70896),24
SRSF7,CDS,0.0138853366010462,1.6555348241542876e-42,2475,Positive,"3UTR:+0.00091 (FDR=0.0062, n=1917) | 5UTR:-0.00052 (FDR=0.96, n=824) | CDS:+0.01389 (FDR=1.7e-42, n=2475)",A,direct_translation;general_RNA_biology;lncRNA;nuclear_export_or_retention;pre_mRNA_splicing;stability_or_decay,context_dependent_or_mixed,context_dependent,SRSF7 maintains its homeostasis through the expression of Split-ORFs and nuclear body assembly. (2020; 10.1038/s41594-020-0385-9) || Targeting CLK1/SRSF7 axis-dependent alternative splicing sensitizes pancreatic ductal adenocarcinoma to chemotherapy and immunotherapy. (2025; 10.1016/j.drup.2025.101292) || Multidimensional regulatory roles and therapeutic applications of SRSF7 in cancer. (2025; 10.1038/s41420-025-02937-4),24
RBMY1B,CDS,0.0089487092065188,1.5967803349172963e-30,2798,Positive,"3UTR:+0.00090 (FDR=2.7e-05, n=2659) | 5UTR:-0.00233 (FDR=2.1e-05, n=2402) | CDS:+0.00895 (FDR=1.6e-30, n=2798)",D,general_RNA_biology,context_dependent_or_mixed,context_dependent,Genes located in Y-chromosomal regions important for male fertility show altered transcript levels in cryptorchidism and respond to curative hormone treatment. (2019; 10.1186/s12610-019-0089-3),1
RBMXL1,CDS,0.0089487092065188,1.5967803349172963e-30,2798,Positive,"3UTR:+0.00090 (FDR=2.7e-05, n=2659) | 5UTR:-0.00233 (FDR=2.1e-05, n=2402) | CDS:+0.00895 (FDR=1.6e-30, n=2798)",A,direct_translation;general_RNA_biology;pre_mRNA_splicing,positive_candidate,candidate_concordant,Alternative splicing in the RBMXL1 5'-UTR induces uORF-mediated translation control in activated B lymphocytes. (2025; 10.1038/s41598-025-03274-3) || Transcriptional control of CBX5 by the RNA binding proteins RBMX and RBMXL1 maintains chromatin state in myeloid leukemia. (2021; 10.1038/s43018-021-00220-w) || Isobaric tags for relative and absolute quantitation (iTRAQ)-based proteomic analysis of mRNA splicing relevant proteins in aging HSPCs. (2021; 10.1007/s40520-020-01509-z),8
RBMY1D,CDS,0.0089487092065188,1.5967803349172963e-30,2798,Positive,"3UTR:+0.00090 (FDR=2.7e-05, n=2659) | 5UTR:-0.00233 (FDR=2.1e-05, n=2402) | CDS:+0.00895 (FDR=1.6e-30, n=2798)",None,no_symbol-specific_hit,not_available,not_assessable,,0
RBMXL2,CDS,0.0089487092065188,1.5967803349172963e-30,2798,Positive,"3UTR:+0.00090 (FDR=2.7e-05, n=2659) | 5UTR:-0.00233 (FDR=2.1e-05, n=2402) | CDS:+0.00895 (FDR=1.6e-30, n=2798)",C,general_RNA_biology;pre_mRNA_splicing,negative_candidate,candidate_discordant,An ancient germ cell-specific RNA-binding protein protects the germline from cryptic splice site poisoning. (2019; 10.7554/elife.39304) || Systematic Genome-Wide Profiles Reveal Alternative Splicing Landscape and Implications of Splicing Regulator DExD-Box Helicase 21 in Aggressive Progression of Adrenocortical Carcinoma. (2021; 10.1007/s43657-021-00026-x) || Cryptic splice site poisoning and meiotic arrest caused by a homozygous frameshift mutation in RBMXL2: A case report. (2022; 10.1111/and.14595),6
SYNCRIP,CDS,0.0099127867250619,4.263820416295655e-23,1788,Positive,"3UTR:-0.00199 (FDR=1e-07, n=1904) | 5UTR:+0.00089 (FDR=0.34, n=450) | CDS:+0.00991 (FDR=4.3e-23, n=1788)",A,direct_translation;general_RNA_biology;pre_mRNA_splicing;stability_or_decay,positive_candidate,candidate_concordant,"An RNA-interacting protein, SYNCRIP (heterogeneous nuclear ribonuclear protein Q1/NSAP1) is a component of mRNA granule transported with inositol 1,4,5-trisphosphate receptor type 1 mRNA in neuronal dendrites. (2004; 10.1074/jbc.m409732200) || Functional screen of MSI2 interactors identifies an essential role for SYNCRIP in myeloid leukemia stem cells. (2017; 10.1038/ng.3854) || Drosophila Syncrip binds the gurken mRNA localisation signal and regulates localised transcripts during axis specification. (2012; 10.1242/bio.2012885)",24
ENOX2,CDS,0.0099696895129107,1.2837766719934673e-35,2106,Positive,"3UTR:-0.00108 (FDR=0.00035, n=1706) | 5UTR:+0.00082 (FDR=0.023, n=539) | CDS:+0.00997 (FDR=1.3e-35, n=2106)",C,general_RNA_biology;pre_mRNA_splicing,negative_candidate,candidate_discordant,"hnRNP F directs formation of an exon 4 minus variant of tumor-associated NADH oxidase (ENOX2). (2011; 10.1007/s11010-011-0875-5) || Capsaicin Targets tNOX (ENOX2) to Inhibit G1 Cyclin/CDK Complex, as Assessed by the Cellular Thermal Shift Assay (CETSA). (2019; 10.3390/cells8101275) || ENOX2-based early detection (ONCOblot) of asbestos-induced malignant mesothelioma 4-10 years in advance of clinical symptoms. (2016; 10.1186/s12014-016-9103-3)",16
MBNL3,CDS,0.0099235598586232,2.208900198871488e-35,2796,Positive,"3UTR:+0.00078 (FDR=0.19, n=2641) | 5UTR:-0.00414 (FDR=1.5e-08, n=2460) | CDS:+0.00992 (FDR=2.2e-35, n=2796)",C,general_RNA_biology;lncRNA;pre_mRNA_splicing,context_dependent_or_mixed,context_dependent,The MBNL3 splicing factor promotes hepatocellular carcinoma by increasing PXN expression through the alternative splicing of lncRNA-PXN-AS1. (2017; 10.1038/ncb3538) || The X-linked splicing regulator MBNL3 has been co-opted to restrict placental growth in eutherians. (2022; 10.1371/journal.pbio.3001615) || LncRNA FIRRE promotes the proliferation and metastasis of hepatocellular carcinoma by regulating the expression of PXN through interacting with MBNL3. (2022; 10.1016/j.bbrc.2022.07.099),24
YBX1,CDS,0.0113580227262492,1.6727309367735952e-28,2799,Positive,"3UTR:+0.00064 (FDR=0.00018, n=2610) | 5UTR:-0.00321 (FDR=4.3e-06, n=2490) | CDS:+0.01136 (FDR=1.7e-28, n=2799)",A,direct_translation;general_RNA_biology;lncRNA;pre_mRNA_splicing;stability_or_decay,context_dependent_or_mixed,context_dependent,RNF115 upregulation by YBX1-dependent m5C modification promotes hepatocellular carcinoma progression. (2025; 10.1038/s41698-025-01160-9) || The functions and regulation of transcription factor YBX1 in cancers. (2025; 10.1007/s11033-025-11016-x) || CircEPHB4 binds to YBX1 to upregulate MRPS16 and promotes glioma progression. (2025; 10.1007/s00018-025-06002-2),24
HNRNPR,CDS,0.0122627768025581,2.8915191746666923e-30,1820,Positive,"3UTR:-0.00239 (FDR=2.4e-16, n=1869) | 5UTR:+0.00062 (FDR=0.59, n=424) | CDS:+0.01226 (FDR=2.9e-30, n=1820)",A,direct_translation;general_RNA_biology;pre_mRNA_splicing;stability_or_decay,context_dependent_or_mixed,context_dependent,Cytosolic Ptbp2 modulates axon growth in motoneurons through axonal localization and translation of Hnrnpr. (2023; 10.1038/s41467-023-39787-6) || HnRNPR-CCNB1/CENPF axis contributes to gastric cancer proliferation and metastasis. (2019; 10.18632/aging.102254) || HnRNPR promotes non-small cell lung cancer progression by protecting XB130 mRNA from XRN1- and DIS3L2-mediated degradation. (2025; 10.1016/j.cellsig.2025.111816),24
IGHMBP2,CDS,0.009594153602288,2.987499920610124e-05,196,Positive,"3UTR:-0.00327 (FDR=5.8e-06, n=630) | 5UTR:+0.00061 (FDR=0.27, n=59) | CDS:+0.00959 (FDR=3e-05, n=196)",A,direct_translation;general_RNA_biology;nuclear_export_or_retention;pre_mRNA_splicing;stability_or_decay,context_dependent_or_mixed,context_dependent,IGHMBP2 is a ribosome-associated helicase inactive in the neuromuscular disorder distal SMA type 1 (DSMA1). (2009; 10.1093/hmg/ddp028) || Biochemical and genetic evidence for a role of IGHMBP2 in the translational machinery. (2009; 10.1093/hmg/ddp134) || RNA helicase IGHMBP2 regulates THO complex to ensure cellular mRNA homeostasis. (2024; 10.1016/j.celrep.2024.113802),24
RBFOX2,5UTR,-0.0082602462075367,1.447983438271783e-09,652,Negative,"3UTR:+0.00058 (FDR=0.054, n=1739) | 5UTR:-0.00826 (FDR=1.4e-09, n=652) | CDS:+0.00117 (FDR=0.0039, n=2206)",A,direct_translation;general_RNA_biology;lncRNA;pre_mRNA_splicing;stability_or_decay,context_dependent_or_mixed,context_dependent,&lt;i&gt;Rbfox2&lt;/i&gt; selectively governs hematopoietic stem cell self-renewal by regulating proteostasis. (2025; 10.1126/sciadv.aea7451) || Rbfox2 controls autoregulation in RNA-binding protein networks. (2014; 10.1101/gad.235770.113) || RBFOX2 as a regulatory linchpin in cancer: insights from a comprehensive review of its roles in tumorigenesis. (2024; 10.62347/bnpo2363),24
RC3H2,CDS,-0.0071091537958844,0.5135751512238417,476,Negative,"3UTR:+0.00051 (FDR=0.36, n=376) | 5UTR:+0.00657 (FDR=0.062, n=52) | CDS:-0.00711 (FDR=0.51, n=476)",D,general_RNA_biology;lncRNA,positive_candidate,candidate_discordant,Long Noncoding RNA RC3H2 Facilitates Cell Proliferation and Invasion by Targeting MicroRNA-101-3p/EZH2 Axis in OSCC. (2020; 10.1016/j.omtn.2020.02.006) || The impact of rare protein coding genetic variation on adult cognitive function. (2023; 10.1038/s41588-023-01398-8) || New Insights into the RNA-Binding and E3 Ubiquitin Ligase Activities of Roquins. (2015; 10.1038/srep15660),6
RBM38,CDS,0.0063831252194983,1.479447918333906e-11,1371,Positive,"3UTR:+0.00035 (FDR=0.89, n=1508) | 5UTR:-0.00595 (FDR=0.0087, n=404) | CDS:+0.00638 (FDR=1.5e-11, n=1371)",A,direct_translation;general_RNA_biology;pre_mRNA_splicing;stability_or_decay,context_dependent_or_mixed,context_dependent,"Mice deficient in Rbm38, a target of the p53 family, are susceptible to accelerated aging and spontaneous tumors. (2014; 10.1073/pnas.1415607112) || Identification of a First-in-Class Small-Molecule Inhibitor of the EIF4E-RBM38 Complex That Enhances Wild-type TP53 Protein Translation for Tumor Growth Suppression. (2023; 10.1158/1535-7163.mct-22-0627) || Rbm38 deficiency impairs erythroid heme biosynthesis and induces porphyria via reduced ferrochelatase expression. (2025; 10.1182/blood.2025028783)",24
RBM45,CDS,0.0101982840761817,1.4567793988309798e-41,2751,Positive,"3UTR:+0.00033 (FDR=0.13, n=2441) | 5UTR:-0.00007 (FDR=0.45, n=1651) | CDS:+0.01020 (FDR=1.5e-41, n=2751)",A,direct_translation;general_RNA_biology;nuclear_export_or_retention;pre_mRNA_splicing;stability_or_decay,context_dependent_or_mixed,context_dependent,"Immunoprecipitation and mass spectrometry defines an extensive RBM45 protein-protein interaction network. (2016; 10.1016/j.brainres.2016.02.047) || The roles of intrinsic disorder-based liquid-liquid phase transitions in the ""Dr. Jekyll-Mr. Hyde"" behavior of proteins involved in amyotrophic lateral sclerosis and frontotemporal lobar degeneration. (2017; 10.1080/15548627.2017.1384889) || RBM45 is an m<sup>6</sup>A-binding protein that affects neuronal differentiation and the splicing of a subset of mRNAs. (2022; 10.1016/j.celrep.2022.111293)",20
SRSF12,CDS,0.0389926435172836,6.52217788672024e-133,2791,Positive,"3UTR:-0.00382 (FDR=1.8e-27, n=2559) | 5UTR:+0.00027 (FDR=0.13, n=2113) | CDS:+0.03899 (FDR=6.5e-133, n=2791)",C,general_RNA_biology;pre_mRNA_splicing,context_dependent_or_mixed,context_dependent,SRSF12 deficiency enhances tumor innervation and accelerates pancreatic tumorigenesis. (2025; 10.1016/j.canlet.2025.217563) || SRSF12 is a primate-specific splicing factor that induces a tissue-specific gene expression program. (2025; 10.1091/mbc.e25-07-0352) || SRSF3: Newly discovered functions and roles in human health and diseases. (2020; 10.1016/j.ejcb.2020.151099),14
TRIM71,CDS,0.0174512222730641,2.8404806308559707e-71,2153,Positive,"3UTR:+0.00026 (FDR=0.56, n=1954) | 5UTR:-0.00016 (FDR=0.62, n=624) | CDS:+0.01745 (FDR=2.8e-71, n=2153)",A,direct_translation;general_RNA_biology;stability_or_decay,context_dependent_or_mixed,context_dependent,The mammalian TRIM-NHL protein TRIM71/LIN-41 is a repressor of mRNA function. (2013; 10.1093/nar/gks1032) || A congenital hydrocephalus-causing mutation in Trim71 induces stem cell defects via inhibiting Lsd1 mRNA translation. (2023; 10.15252/embr.202255843) || Oncofetal TRIM71 drives liver cancer carcinogenesis through remodeling CEBPA-mediated serine/glycine metabolism. (2024; 10.7150/thno.99633),24
CNOT4,CDS,0.0127342868607646,1.4532232853451023e-53,2544,Positive,"3UTR:-0.00276 (FDR=2.5e-25, n=2290) | 5UTR:+0.00019 (FDR=0.72, n=996) | CDS:+0.01273 (FDR=1.5e-53, n=2544)",A,direct_translation;general_RNA_biology;lncRNA;stability_or_decay,context_dependent_or_mixed,context_dependent,"Stalled translation by mitochondrial stress upregulates a CNOT4-ZNF598 ribosomal quality control pathway important for tissue homeostasis. (2024; 10.1038/s41467-024-45525-3) || The CNOT4 Subunit of the CCR4-NOT Complex is Involved in mRNA Degradation, Efficient DNA Damage Repair, and XY Chromosome Crossover during Male Germ Cell Meiosis. (2021; 10.1002/advs.202003636) || TNKS1BP1 facilitates ubiquitination of CNOT4 by TRIM21 to promote hepatocellular carcinoma progression and immune evasion. (2024; 10.1038/s41419-024-06897-y)",23
PABPC4,CDS,0.0148259282417805,7.314348747635865e-31,1087,Positive,"3UTR:-0.00253 (FDR=1.7e-14, n=1297) | 5UTR:+0.00019 (FDR=0.99, n=242) | CDS:+0.01483 (FDR=7.3e-31, n=1087)",A,direct_translation;general_RNA_biology;lncRNA;pre_mRNA_splicing;stability_or_decay,context_dependent_or_mixed,context_dependent,PABPC4 Broadly Inhibits Coronavirus Replication by Degrading Nucleocapsid Protein through Selective Autophagy. (2021; 10.1128/spectrum.00908-21) || Interaction between poly(A)-binding protein PABPC4 and nuclear receptor corepressor NCoR1 modulates a metabolic stress response. (2023; 10.1016/j.jbc.2023.104702) || LINC00493-encoded microprotein SMIM26 exerts anti-metastatic activity in renal cell carcinoma. (2023; 10.15252/embr.202256282),21
ESRP2,5UTR,-0.0071318236874902,6.517674863541562e-06,488,Negative,"3UTR:+0.00018 (FDR=0.22, n=1516) | 5UTR:-0.00713 (FDR=6.5e-06, n=488) | CDS:+0.00614 (FDR=5.8e-14, n=1797)",A,direct_translation;general_RNA_biology;lncRNA;pre_mRNA_splicing;stability_or_decay,context_dependent_or_mixed,context_dependent,ESRP2 controls an adult splicing programme in hepatocytes to support postnatal liver maturation. (2015; 10.1038/ncomms9768) || ESRP2 constrains EMT plasticity associated with ZEB1 expression in bladder cancer. (2026; 10.3389/fonc.2026.1764850) || ESRP1 and ESRP2 are epithelial cell-type-specific regulators of FGFR2 splicing. (2009; 10.1016/j.molcel.2009.01.025),24
TRA2A,CDS,0.0186351203671469,4.2602723977243794e-67,2633,Positive,"3UTR:-0.00226 (FDR=4.6e-09, n=2209) | 5UTR:+0.00013 (FDR=0.59, n=1000) | CDS:+0.01864 (FDR=4.3e-67, n=2633)",B,general_RNA_biology;lncRNA;nuclear_export_or_retention;pre_mRNA_splicing;stability_or_decay,context_dependent_or_mixed,context_dependent,TRA2A-induced upregulation of LINC00662 regulates blood-brain barrier permeability by affecting ELK4 mRNA stability in Alzheimer's microenvironment. (2020; 10.1080/15476286.2020.1756055) || The CTSZ-TRA2A-IL32 axis defines a targetable macrophage-dependent pathway in metastatic prostate cancer. (2025; 10.1186/s12967-025-06865-w) || TRA2A Promoted Paclitaxel Resistance and Tumor Progression in Triple-Negative Breast Cancers via Regulating Alternative Splicing. (2017; 10.1158/1535-7163.mct-17-0026),24
TRA2B,CDS,0.0184196030361809,6.530483652994312e-71,2704,Positive,"3UTR:-0.00195 (FDR=6.9e-06, n=2429) | 5UTR:+0.00013 (FDR=0.84, n=1238) | CDS:+0.01842 (FDR=6.5e-71, n=2704)",A,direct_translation;general_RNA_biology;pre_mRNA_splicing,context_dependent_or_mixed,context_dependent,Comparative analysis of retroviral Gag-host cell interactions: focus on the nuclear interactome. (2024; 10.1186/s12977-024-00645-y) || The cardiotonic steroid digitoxin regulates alternative splicing through depletion of the splicing factors SRSF3 and TRA2B. (2012; 10.1261/rna.032912.112) || Splicing factor TRA2B is required for neural progenitor survival. (2014; 10.1002/cne.23405),24
RBMS3,CDS,0.0124060806504622,1.5125137000447737e-26,1420,Positive,"3UTR:+0.00008 (FDR=0.91, n=1746) | 5UTR:-0.00070 (FDR=0.22, n=310) | CDS:+0.01241 (FDR=1.5e-26, n=1420)",A,direct_translation;general_RNA_biology;lncRNA;pre_mRNA_splicing;stability_or_decay,context_dependent_or_mixed,context_dependent,RNA-binding protein RBMS3 is expressed in activated hepatic stellate cells and liver fibrosis and increases expression of transcription factor Prx1. (2007; 10.1016/j.jmb.2007.06.006) || &lt;i&gt;RBMS3&lt;/i&gt; promotes ferroptosis in colorectal cancer and is suppressed by M2 tumor-associated macrophages &lt;i&gt;via STAT3&lt;/i&gt; activation. (2026; 10.3389/fmolb.2026.1872659) || Function and Mechanism of the RNA-binding Protein RBMS3 in Malignant Tumours. (2025; 10.1007/s12013-025-01859-3),24
LARP7,CDS,0.0334615024262946,0.0001128529401594,97,Positive,"3UTR:+0.00005 (FDR=0.57, n=42) | 5UTR:-0.03284 (FDR=0.023, n=7) | CDS:+0.03346 (FDR=0.00011, n=97)",B,general_RNA_biology;lncRNA;pre_mRNA_splicing;stability_or_decay,context_dependent_or_mixed,context_dependent,LARP7 Protects Against Heart Failure by Enhancing Mitochondrial Biogenesis. (2021; 10.1161/circulationaha.120.050812) || LARP7 protects against ischemic brain injury by modulating NLRP3 deacetylation to suppress neuronal pyroptosis. (2025; 10.1186/s12974-025-03649-3) || The effect of LARP7 on gene expression during osteogenesis. (2025; 10.1007/s11033-024-10216-1),24
RBM46,CDS,0.0121754667503039,2.2877350687937842e-33,1962,Positive,"3UTR:-0.00003 (FDR=0.87, n=1724) | 5UTR:-0.00881 (FDR=3.8e-07, n=381) | CDS:+0.01218 (FDR=2.3e-33, n=1962)",A,direct_translation;general_RNA_biology;pre_mRNA_splicing;stability_or_decay,context_dependent_or_mixed,context_dependent,RBM46 is essential for gametogenesis and functions in post-transcriptional roles affecting meiotic cohesin subunits. (2023; 10.1093/procel/pwac040) || RNA binding protein RBM46 regulates mitotic-to-meiotic transition in spermatogenesis. (2022; 10.1126/sciadv.abq2945) || Rbm46 regulates trophectoderm differentiation by stabilizing Cdx2 mRNA in early mouse embryos. (2015; 10.1089/scd.2014.0323),12
RBMS2,CDS,0.0110784142180602,3.2184606925250657e-35,1720,Positive,"3UTR:-0.00006 (FDR=0.43, n=2002) | 5UTR:-0.00347 (FDR=0.049, n=444) | CDS:+0.01108 (FDR=3.2e-35, n=1720)",A,direct_translation;general_RNA_biology;stability_or_decay,context_dependent_or_mixed,context_dependent,RBMS2 mediates SLC7A11 transcription-translation to regulate ferroptosis in colorectal cancer. (2025; 10.1016/j.freeradbiomed.2025.08.051) || RBMS2 inhibits the proliferation by stabilizing P21 mRNA in breast cancer. (2018; 10.1186/s13046-018-0968-z) || LncRNA LINC00525 suppresses p21 expression via mRNA decay and triplex-mediated changes in chromatin structure in lung adenocarcinoma. (2021; 10.1002/cac2.12181),8
CNBP,5UTR,-0.0062363661280645,4.3511583577884995e-07,778,Negative,"3UTR:-0.00006 (FDR=0.77, n=1600) | 5UTR:-0.00624 (FDR=4.4e-07, n=778) | CDS:+0.00186 (FDR=0.15, n=2331)",A,direct_translation;general_RNA_biology;lncRNA;pre_mRNA_splicing;stability_or_decay,context_dependent_or_mixed,context_dependent,"<i>LAST</i>, a c-Myc-inducible long noncoding RNA, cooperates with CNBP to promote <i>CCND1</i> mRNA stability in human cells. (2017; 10.7554/elife.30433) || A new candidate tumor suppressor tRF-Ser inhibits gastric cancer progression by regulating the CNBP/HSPA8 axis. (2026; 10.1038/s41419-026-08608-1) || The Human CCHC-type Zinc Finger Nucleic Acid-Binding Protein Binds G-Rich Elements in Target mRNA Coding Sequences and Promotes Translation. (2017; 10.1016/j.celrep.2017.02.080)",24
YBX2,CDS,0.0178168765934617,1.1350168892373316e-76,2399,Positive,"3UTR:-0.00014 (FDR=0.96, n=1691) | 5UTR:-0.00156 (FDR=0.58, n=571) | CDS:+0.01782 (FDR=1.1e-76, n=2399)",A,direct_translation;general_RNA_biology;nuclear_export_or_retention;stability_or_decay,context_dependent_or_mixed,context_dependent,Phosphorylated YBX2 is stabilized to promote glycolysis in brown adipocytes. (2023; 10.1016/j.isci.2023.108091) || RNA Binding Protein Ybx2 Regulates RNA Stability During Cold-Induced Brown Fat Activation. (2017; 10.2337/db17-0655) || mRNA m<sup>5</sup>C inhibits adipogenesis and promotes myogenesis by respectively facilitating YBX2 and SMO mRNA export in ALYREF-m<sup>5</sup>C manner. (2022; 10.1007/s00018-022-04474-0),22
SRSF10,CDS,0.0234571367555337,8.467846695932201e-92,2793,Positive,"3UTR:-0.00417 (FDR=2.8e-28, n=2592) | 5UTR:-0.00018 (FDR=0.32, n=2155) | CDS:+0.02346 (FDR=8.5e-92, n=2793)",A,direct_translation;general_RNA_biology;nuclear_export_or_retention;pre_mRNA_splicing;stability_or_decay,context_dependent_or_mixed,context_dependent,SRSF10 stabilizes CDC25A by triggering exon 6 skipping to promote hepatocarcinogenesis. (2022; 10.1186/s13046-022-02558-0) || Targeting SRSF10 might inhibit M2 macrophage polarization and potentiate anti-PD-1 therapy in hepatocellular carcinoma. (2024; 10.1002/cac2.12607) || SNORD46 stabilized by SRSF10 regulating lipid metabolism and cell proliferation of glioma cells via mediating FOXO4 2'-O-methylation. (2025; 10.1016/j.cellsig.2025.112002),24
SRSF8,CDS,-0.0060243791714501,0.0002100990808878,2785,Negative,"3UTR:+0.00127 (FDR=0.00029, n=2469) | 5UTR:-0.00023 (FDR=0.38, n=2285) | CDS:-0.00602 (FDR=0.00021, n=2785)",C,general_RNA_biology;pre_mRNA_splicing,not_resolved_from_abstract,not_assessable,B7-H3 is spliced by SRSF3 in colorectal cancer. (2021; 10.1007/s00262-020-02683-9) || Identification of prognosis biomarkers of prostatic cancer in a cohort of 498 patients from TCGA. (2019; 10.1016/j.currproblcancer.2019.100503) || Alternative Splicing of Serum Response Factor Reveals Isoform-Specific Remodeling in Cardiac Diseases. (2025; 10.3390/genes16080947),6
RBFOX3,5UTR,-0.00934887203701,4.367458835958989e-15,561,Negative,"3UTR:-0.00036 (FDR=0.022, n=1550) | 5UTR:-0.00935 (FDR=4.4e-15, n=561) | CDS:+0.00010 (FDR=0.00063, n=2136)",A,direct_translation;general_RNA_biology;nuclear_export_or_retention;pre_mRNA_splicing,context_dependent_or_mixed,context_dependent,Characterization of the &lt;i&gt;Rbfox3&lt;/i&gt;-IRES-iCre knock-in mouse: Revealing gene recombination activity in neural and non-neural peripheral tissues. (2025; 10.1096/fba.2024-00143) || Neuronal splicing regulator RBFOX3 (NeuN) distribution and organization are modified in response to monosodium glutamate in rat brain at postnatal day 14. (2024; 10.1016/j.acthis.2024.152207) || Impaired lipophagy induced-microglial lipid droplets accumulation contributes to the buildup of TREM1 in diabetes-associated cognitive impairment. (2023; 10.1080/15548627.2023.2213984),24
ENSG00000277564,5UTR,-0.0095079466691937,5.012097297281135e-15,564,Negative,"3UTR:-0.00002 (FDR=0.24, n=1553) | 5UTR:-0.00951 (FDR=5e-15, n=564) | CDS:-0.00039 (FDR=0.041, n=2145)",None,no_symbol-specific_hit,not_available,not_assessable,,0
IFIH1,5UTR,-0.0061927033768634,5.789687856352521e-17,1389,Negative,"3UTR:-0.00045 (FDR=0.15, n=1689) | 5UTR:-0.00619 (FDR=5.8e-17, n=1389) | CDS:+0.00165 (FDR=2.4e-07, n=2438)",C,general_RNA_biology;pre_mRNA_splicing,context_dependent_or_mixed,context_dependent,"Rare variants of IFIH1, a gene implicated in antiviral responses, protect against type 1 diabetes. (2009; 10.1126/science.1167728) || Gain-of-function mutations in IFIH1 cause a spectrum of human disease phenotypes associated with upregulated type I interferon signaling. (2014; 10.1038/ng.2933) || Characterization of human disease phenotypes associated with mutations in TREX1, RNASEH2A, RNASEH2B, RNASEH2C, SAMHD1, ADAR, and IFIH1. (2015; 10.1002/ajmg.a.36887)",24
RBMS1,CDS,0.0129978950146753,9.360167729532138e-26,727,Positive,"3UTR:-0.00051 (FDR=0.0085, n=940) | 5UTR:-0.00508 (FDR=0.01, n=115) | CDS:+0.01300 (FDR=9.4e-26, n=727)",A,direct_translation;general_RNA_biology;lncRNA;pre_mRNA_splicing;stability_or_decay,context_dependent_or_mixed,context_dependent,RBMS1 regulates lung cancer ferroptosis through translational control of SLC7A11. (2021; 10.1172/jci152067) || RBMS1 Coordinates with the m&lt;sup&gt;6&lt;/sup&gt;A Reader YTHDF1 to Promote NSCLC Metastasis through Stimulating S100P Translation. (2024; 10.1002/advs.202307122) || Transactivation of microRNA-383 by steroidogenic factor-1 promotes estradiol release from mouse ovarian granulosa cells by targeting RBMS1. (2012; 10.1210/me.2011-1341),24
RBM10,CDS,0.0091138592084699,3.4566327424022797e-15,1830,Positive,"3UTR:-0.00052 (FDR=0.28, n=1603) | 5UTR:-0.00118 (FDR=0.62, n=580) | CDS:+0.00911 (FDR=3.5e-15, n=1830)",B,general_RNA_biology;nuclear_export_or_retention;pre_mRNA_splicing;stability_or_decay,context_dependent_or_mixed,context_dependent,HIV-1 Vpu interacts with RBM10 to promote HIV-1 infection. (2025; 10.1128/msystems.00403-25) || RBM10 Deficiency Promotes Anti-PD-1 Resistance in LUAD via STING Alternative Splicing-Driven CCL7 Signaling and Macrophage Polarization. (2026; 10.1002/advs.202522159) || Tumor suppressor properties of the splicing regulatory factor RBM10. (2016; 10.1080/15476286.2016.1144004),24
ANKHD1-EIF4EBP3,CDS,0.0093790822955405,1.9570403794424618e-15,1069,Positive,"3UTR:-0.00060 (FDR=0.28, n=512) | 5UTR:-0.00362 (FDR=0.026, n=213) | CDS:+0.00938 (FDR=2e-15, n=1069)",None,no_symbol-specific_hit,not_available,not_assessable,,0
ANKRD17,CDS,0.0093790822955405,1.9570403794424618e-15,1069,Positive,"3UTR:-0.00060 (FDR=0.28, n=512) | 5UTR:-0.00362 (FDR=0.026, n=213) | CDS:+0.00938 (FDR=2e-15, n=1069)",A,direct_translation;general_RNA_biology;nuclear_export_or_retention;pre_mRNA_splicing,context_dependent_or_mixed,context_dependent,"Case report: Whole exome sequencing reveals a novel splicing variant of <i>ANKRD17</i> gene in a Chinese male juvenile with developmental delay and transient tic disorder. (2024; 10.3389/fgene.2024.1422469) || Identification and functional analysis of a novel cyclin e/cdk2 substrate ankrd17. (2009; 10.1074/jbc.m807827200) || Heterozygous ANKRD17 loss-of-function variants cause a syndrome with intellectual disability, speech delay, and dysmorphism. (2021; 10.1016/j.ajhg.2021.04.007)",17
ANKHD1,CDS,0.0093790822955405,1.9570403794424618e-15,1069,Positive,"3UTR:-0.00060 (FDR=0.28, n=512) | 5UTR:-0.00362 (FDR=0.026, n=213) | CDS:+0.00938 (FDR=2e-15, n=1069)",B,general_RNA_biology;lncRNA;pre_mRNA_splicing;stability_or_decay,context_dependent_or_mixed,context_dependent,Role of ANKHD1/LINC00346/ZNF655 Feedback Loop in Regulating the Glioma Angiogenesis via Staufen1-Mediated mRNA Decay. (2020; 10.1016/j.omtn.2020.05.004) || Alternative ANKHD1 transcript promotes proliferation and inhibits migration in uterine corpus endometrial carcinoma. (2022; 10.1038/s41525-022-00321-0) || Acetyltransferase p300 promotes NNK-induced colorectal cancer progression by mediating ANKHD1 expression via H3K27ac modification. (2026; 10.1016/j.cbi.2026.112111),19
A1CF,CDS,0.0118435883135813,1.9107869121988376e-46,2140,Positive,"3UTR:-0.00069 (FDR=0.79, n=2445) | 5UTR:-0.00218 (FDR=0.048, n=671) | CDS:+0.01184 (FDR=1.9e-46, n=2140)",A,direct_translation;general_RNA_biology;pre_mRNA_splicing;stability_or_decay,negative_candidate,candidate_discordant,Genetically-biased fertilization in APOBEC1 complementation factor (A1cf) mutant mice. (2022; 10.1038/s41598-022-17948-9) || APOBEC1 complementation factor facilitates cell migration by promoting nucleus translocation of SMAD3 in renal cell carcinoma cells. (2021; 10.1007/s11626-021-00589-z) || The RNA-Binding Protein A1CF Regulates Hepatic Fructose and Glycerol Metabolism via Alternative RNA Splicing. (2019; 10.1016/j.celrep.2019.08.100),22
SRSF2,5UTR,-0.0063137406298207,1.7184561771167925e-18,2592,Negative,"3UTR:-0.00071 (FDR=0.082, n=2672) | 5UTR:-0.00631 (FDR=1.7e-18, n=2592) | CDS:+0.00000 (FDR=0.048, n=2800)",A,direct_translation;general_RNA_biology;pre_mRNA_splicing;stability_or_decay,positive_candidate,candidate_discordant,SRSF2 mutations drive daunorubicin resistance in acute myeloid leukemia via THBS1 stabilization. (2026; 10.1186/s13046-026-03649-y) || Non-Enzymatic MGO-Glycation of SRSF2 Drives RNA Mis-Splicing. (2026; 10.1021/jacs.5c20726) || Metabolic reprogramming promotes AR-V7 splicing via SRSF2 lactylation in castration-resistant prostate cancer. (2026; 10.3724/abbs.2026072),24
MEX3D,CDS,0.0126329380484527,3.7429894429269255e-21,968,Positive,"3UTR:-0.00076 (FDR=0.0018, n=1774) | 5UTR:-0.00776 (FDR=0.02, n=283) | CDS:+0.01263 (FDR=3.7e-21, n=968)",B,general_RNA_biology;stability_or_decay,positive_candidate,candidate_concordant,"RNA-binding protein MEX3D promotes cervical carcinoma tumorigenesis by destabilizing TSC22D1 mRNA. (2022; 10.1038/s41420-022-01049-7) || Dysregulated gene expressions of MEX3D, FOS and BCL2 in human induced-neuronal (iN) cells from NF1 patients: a pilot study. (2017; 10.1038/s41598-017-14440-7) || MEX3D is an oncogenic driver in prostate cancer. (2021; 10.1002/pros.24216)",9
EIF2S1,5UTR,-0.0187118301985985,4.29788046349435e-14,227,Negative,"3UTR:-0.00078 (FDR=0.022, n=1296) | 5UTR:-0.01871 (FDR=4.3e-14, n=227) | CDS:+0.01334 (FDR=1e-28, n=1707)",A,direct_translation;general_RNA_biology;nuclear_export_or_retention;stability_or_decay,positive_candidate,candidate_discordant,Phosphorylation of EIF2S1 (eukaryotic translation initiation factor 2 subunit alpha) is indispensable for nuclear translocation of TFEB and TFE3 during ER stress. (2023; 10.1080/15548627.2023.2173900) || EIF2S1 Silencing Impedes Neuroblastoma Development Through GPX4 Inactivation and Ferroptosis Induction. (2024; 10.1155/2024/6594426) || The deubiquitinating enzyme USP8 promotes tyrosine kinase inhibitors resistance in chronic myeloid leukemia by stabilizing EIF2S1 protein. (2026; 10.1111/febs.70300),24
FUBP1,CDS,-0.0056432433938988,1.8668966168669015e-08,2614,Negative,"3UTR:+0.00311 (FDR=6.7e-24, n=2549) | 5UTR:-0.00083 (FDR=0.74, n=1230) | CDS:-0.00564 (FDR=1.9e-08, n=2614)",A,direct_translation;general_RNA_biology;lncRNA;pre_mRNA_splicing;stability_or_decay,context_dependent_or_mixed,context_dependent,"The master regulator FUBP1: its emerging role in normal cell function and malignant development. (2019; 10.1007/s00018-018-2933-6) || FUBP1 in human cancer: Characteristics, functions, and potential applications. (2024; 10.1016/j.tranon.2024.102066) || The NR_109/FUBP1/c-Myc axis regulates TAM polarization and remodels the tumor microenvironment to promote cancer development. (2023; 10.1136/jitc-2022-006230)",24
SRP14,5UTR,-0.0072002277041055,1.035399506179606e-26,1605,Negative,"3UTR:-0.00085 (FDR=0.00012, n=2370) | 5UTR:-0.00720 (FDR=1e-26, n=1605) | CDS:+0.00170 (FDR=7.1e-07, n=2730)",A,direct_translation;general_RNA_biology;lncRNA;pre_mRNA_splicing;stability_or_decay,context_dependent_or_mixed,context_dependent,The RNA-Binding Proteins SRP14 and HMGB3 Control HIV-1 Tat mRNA Processing and Translation During HIV-1 Latency. (2021; 10.3389/fgene.2021.680725) || Translocational attenuation mediated by the PERK-SRP14 axis is a protective mechanism of unfolded protein response. (2024; 10.1016/j.celrep.2024.114402) || The P124A mutation of SRP14 alters its migration on SDS-PAGE without impacting its function. (2024; 10.3724/abbs.2024004),24
G3BP2,CDS,0.015617034601059,7.43055884528345e-39,1837,Positive,"3UTR:-0.00093 (FDR=0.23, n=1254) | 5UTR:-0.01191 (FDR=2.3e-06, n=252) | CDS:+0.01562 (FDR=7.4e-39, n=1837)",A,direct_translation;general_RNA_biology;lncRNA;stability_or_decay,context_dependent_or_mixed,context_dependent,"G3BP1, G3BP2 and CAPRIN1 are required for translation of interferon stimulated mRNAs and are targeted by a dengue virus non-coding RNA. (2014; 10.1371/journal.ppat.1004242) || Stress granule components G3BP1 and G3BP2 play a proviral role early in Chikungunya virus replication. (2015; 10.1128/jvi.03612-14) || G3BP2 promotes tumor progression and gemcitabine resistance in PDAC via regulating PDIA3-DKC1-hENT in a stress granules-dependent manner. (2025; 10.1038/s41401-024-01387-5)",24
RBMY1J,CDS,0.0215143227261659,3.0443571036664667e-10,307,Positive,"3UTR:-0.00342 (FDR=0.027, n=116) | 5UTR:-0.00093 (FDR=0.6, n=53) | CDS:+0.02151 (FDR=3e-10, n=307)",D,general_RNA_biology,context_dependent_or_mixed,context_dependent,Genes located in Y-chromosomal regions important for male fertility show altered transcript levels in cryptorchidism and respond to curative hormone treatment. (2019; 10.1186/s12610-019-0089-3),1
SRSF5,5UTR,-0.0059093788459291,5.52885588730977e-10,2594,Negative,"3UTR:-0.00094 (FDR=6e-06, n=2673) | 5UTR:-0.00591 (FDR=5.5e-10, n=2594) | CDS:+0.00095 (FDR=0.013, n=2793)",B,general_RNA_biology;lncRNA;nuclear_export_or_retention;pre_mRNA_splicing;stability_or_decay,context_dependent_or_mixed,context_dependent,Mutually exclusive acetylation and ubiquitylation of the splicing factor SRSF5 control tumor growth. (2018; 10.1038/s41467-018-04815-3) || LINC01852 inhibits the tumorigenesis and chemoresistance in colorectal cancer by suppressing SRSF5-mediated alternative splicing of PKM. (2024; 10.1186/s12943-024-01939-7) || SRSF5 Regulates Trophoblast Apoptosis by Inhibiting NR2F2 Transcriptional Activity Through MLX Ubiquitin Degradation Mediated by Alternative Splicing in Preeclampsia. (2025; 10.1096/fj.202501137r),24
DDX53,CDS,0.0222119106968575,2.5624037958058226e-58,2077,Positive,"3UTR:-0.00097 (FDR=3.8e-05, n=1725) | 5UTR:-0.00245 (FDR=0.3, n=431) | CDS:+0.02221 (FDR=2.6e-58, n=2077)",D,general_RNA_biology;lncRNA,negative_candidate,candidate_discordant,Genetic variants in DDX53 contribute to autism spectrum disorder associated with the Xp22.11 locus. (2025; 10.1016/j.ajhg.2024.11.003) || Disruption of DDX53 coding sequence has limited impact on iPSC-derived human NGN2 neurons. (2023; 10.1186/s12920-022-01425-3) || miR-429 Suppresses Endometrial Cancer Progression and Drug Resistance via DDX53. (2023; 10.3390/jpm13091302),12
PUM2,CDS,0.0199527425411849,2.0450009959310908e-48,1425,Positive,"3UTR:-0.00111 (FDR=2e-08, n=1783) | 5UTR:-0.00391 (FDR=0.012, n=284) | CDS:+0.01995 (FDR=2e-48, n=1425)",A,direct_translation;general_RNA_biology;lncRNA;pre_mRNA_splicing;stability_or_decay,context_dependent_or_mixed,context_dependent,The RNA-Binding Protein PUM2 Impairs Mitochondrial Dynamics and Mitophagy During Aging. (2019; 10.1016/j.molcel.2018.11.034) || PUM1 and PUM2 promote translation of chromatin regulators to ensure mammalian spermatogenesis. (2026; 10.1126/sciadv.aed5708) || PUM2 Lowers HDAC9 mRNA Stability to Improve Contrast-Induced Acute Kidney Injury by Attenuating Oxidative Stress and Promoting Autophagy. (2026; 10.4093/dmj.2024.0396),24
KHDRBS3,CDS,0.0111184225037681,8.275768430875763e-29,2078,Positive,"3UTR:-0.00119 (FDR=0.00085, n=2494) | 5UTR:-0.00475 (FDR=0.00028, n=804) | CDS:+0.01112 (FDR=8.3e-29, n=2078)",B,general_RNA_biology;pre_mRNA_splicing;stability_or_decay,positive_candidate,candidate_concordant,Exosome-Delivered circFOXP1 Upregulates Autophagy and Promotes Hepatocellular Carcinoma Progression Through Its Encoded p196 Protein Targeting the KHDRBS3/ULK1 Axis. (2025; 10.2147/ijn.s505157) || circHECTD1 Promotes the Proliferation and Migration of Human Brain Vascular Smooth Muscle Cells via Interacting with KHDRBS3 to Stabilize EZH2 mRNA Expression. (2023; 10.2147/jir.s398199) || SALL4 - KHDRBS3 network enhances stemness by modulating CD44 splicing in basal-like breast cancer. (2018; 10.1002/cam4.1296),23
MEX3B,CDS,0.0161399760213443,9.355574126450236e-37,1496,Positive,"3UTR:-0.00517 (FDR=2.7e-35, n=2081) | 5UTR:-0.00121 (FDR=0.65, n=472) | CDS:+0.01614 (FDR=9.4e-37, n=1496)",A,direct_translation;general_RNA_biology;lncRNA;stability_or_decay,context_dependent_or_mixed,context_dependent,The RNA-binding protein Mex3b has a fine-tuning system for mRNA regulation in early Xenopus development. (2009; 10.1242/dev.029165) || The RNA-binding Protein MEX3B Mediates Resistance to Cancer Immunotherapy by Downregulating HLA-A Expression. (2018; 10.1158/1078-0432.ccr-17-2483) || MEX3B inhibits collagen production in eosinophilic nasal polyps by downregulating epithelial cell TGFBR3 mRNA stability. (2023; 10.1172/jci.insight.159058),17
RBMX,CDS,0.0102578307552032,5.1302977365291954e-36,2798,Positive,"3UTR:-0.00121 (FDR=0.0033, n=2672) | 5UTR:-0.00168 (FDR=0.056, n=2398) | CDS:+0.01026 (FDR=5.1e-36, n=2798)",B,general_RNA_biology;lncRNA;nuclear_export_or_retention;pre_mRNA_splicing;stability_or_decay,context_dependent_or_mixed,context_dependent,RBMX promotes colorectal liver metastasis by stabilizing MTHFD2 mRNA to regulate redox homeostasis. (2026; 10.1007/s00018-026-06336-5) || A Primate-Specific lncRNA LINC01021 Contributes to Cellular and Organismal Aging via DAZAP1-Dependent Destabilization of RBMX. (2026; 10.1111/acel.70603) || A genome-wide homologous recombination screen identifies the RNA-binding protein RBMX as a component of the DNA-damage response. (2012; 10.1038/ncb2426),24
TAF15,5UTR,-0.0086606425320265,1.035399506179606e-26,1587,Negative,"3UTR:+0.00158 (FDR=8.1e-06, n=2171) | 5UTR:-0.00866 (FDR=1e-26, n=1587) | CDS:-0.00121 (FDR=0.61, n=2605)",A,direct_translation;general_RNA_biology;lncRNA;nuclear_export_or_retention;pre_mRNA_splicing;stability_or_decay,context_dependent_or_mixed,context_dependent,The cancer-testis lncRNA LINC01940 promotes gastric cancer malignant progression and chemoresistance by enhancing ribosome biogenesis via TAF15-mediated NOL11 SUMOylation. (2025; 10.1186/s11658-025-00840-5) || TDP-43 and FUS RNA-binding proteins bind distinct sets of cytoplasmic messenger RNAs and differently regulate their post-transcriptional fate in motoneuron-like cells. (2012; 10.1074/jbc.m111.333450) || Physiological and pathological functions of TAF15 in neurodegenerative diseases and cancers. (2026; 10.1016/j.jare.2026.04.066),24
SRSF9,CDS,0.0864286502145379,6.67134643309771e-221,2800,Positive,"3UTR:-0.00131 (FDR=0.0039, n=2664) | 5UTR:-0.00288 (FDR=8.7e-06, n=2468) | CDS:+0.08643 (FDR=6.7e-221, n=2800)",A,direct_translation;general_RNA_biology;pre_mRNA_splicing;stability_or_decay,context_dependent_or_mixed,context_dependent,SRSF1 and SRSF9 RNA binding proteins promote Wnt signalling-mediated tumorigenesis by enhancing β-catenin biosynthesis. (2013; 10.1002/emmm.201202218) || Investigation of the effect of SRSF9 overexpression on HIV-1 production. (2022; PMID:36330710) || SRSF9 promotes colorectal cancer progression via stabilizing DSN1 mRNA in an m6A-related manner. (2022; 10.1186/s12967-022-03399-3),24
RBM4,5UTR,-0.0140205588762985,8.700901053501246e-65,2303,Negative,"3UTR:-0.00133 (FDR=1.2e-05, n=2457) | 5UTR:-0.01402 (FDR=8.7e-65, n=2303) | CDS:+0.00026 (FDR=0.0027, n=2731)",A,direct_translation;general_RNA_biology;pre_mRNA_splicing;stability_or_decay,context_dependent_or_mixed,context_dependent,Cell stress modulates the function of splicing regulatory protein RBM4 in translation control. (2007; 10.1073/pnas.0611015104) || Endogenous RBM4 prevents Ang II-induced cardiomyocyte hypertrophy via downregulating the expression of PTBP1. (2024; 10.3724/abbs.2024103) || The translation landscape of ovarian clear cell carcinoma indicates that RBM4 plays a pro-oncogenic role in tumor progression. (2026; 10.1038/s41388-026-03840-7),24
NONO,CDS,-0.0084741382752245,6.01091899586971e-22,2085,Negative,"3UTR:+0.00008 (FDR=0.63, n=1892) | 5UTR:-0.00135 (FDR=0.013, n=908) | CDS:-0.00847 (FDR=6e-22, n=2085)",A,direct_translation;general_RNA_biology;lncRNA;nuclear_export_or_retention;pre_mRNA_splicing;stability_or_decay,positive_candidate,candidate_discordant,"The pleiotropic nature of NONO, a master regulator of essential biological pathways in cancers. (2024; 10.1038/s41417-024-00763-x) || O-GlcNAcylation of NONO mediates alternative splicing of SETMAR and facilitates NHEJ repair. (2026; 10.1186/s13059-026-03930-5) || NONO Maintains SREBP-Regulated Cholesterol Biosynthesis via RNA Binding in Neuroblastoma. (2025; 10.1096/fj.202403267rr)",24
PCBP3,CDS,-0.0066863527910892,0.0001776374053222,2766,Negative,"3UTR:+0.00311 (FDR=6.4e-27, n=2560) | 5UTR:-0.00138 (FDR=0.88, n=2095) | CDS:-0.00669 (FDR=0.00018, n=2766)",A,direct_translation;general_RNA_biology;pre_mRNA_splicing,positive_candidate,candidate_discordant,"Anlotinib Inhibits PFKFB3-Driven Glycolysis in Myofibroblasts to Reverse Pulmonary Fibrosis. (2021; 10.3389/fphar.2021.744826) || Localized regulation of cell junction mRNAs is required for epithelial cell integrity. (2026; 10.1261/rna.080898.125) || Heterogeneous nuclear ribonucleoprotein E3 modestly activates splicing of tau exon 10 via its proximal downstream intron, a hotspot for frontotemporal dementia mutations. (2010; 10.1016/j.gene.2009.11.006)",20
RNASEL,CDS,0.0145256772599802,2.366111209244035e-42,2115,Positive,"3UTR:-0.00299 (FDR=6.9e-14, n=2179) | 5UTR:-0.00146 (FDR=0.25, n=685) | CDS:+0.01453 (FDR=2.4e-42, n=2115)",A,direct_translation;general_RNA_biology;stability_or_decay,context_dependent_or_mixed,context_dependent,The interferon system and vaccinia virus evasion mechanisms. (2009; 10.1089/jir.2009.0073) || Ku limits RNA-induced innate immunity to allow Alu expansion in primates. (2025; 10.1038/s41586-025-09104-w) || Identification of ribosome biogenesis genes and subgroups in ischaemic stroke. (2024; 10.3389/fimmu.2024.1449158),24
ENSG00000275272,CDS,0.0099415794371624,7.954709765555811e-24,2800,Positive,"3UTR:-0.00162 (FDR=2.1e-08, n=2687) | 5UTR:-0.00687 (FDR=2.3e-23, n=2482) | CDS:+0.00994 (FDR=8e-24, n=2800)",None,no_symbol-specific_hit,not_available,not_assessable,,0
BCL2L2-PABPN1,CDS,0.0259011889231446,5.66889186228095e-86,2134,Positive,"3UTR:-0.00163 (FDR=1.2e-08, n=1847) | 5UTR:-0.00365 (FDR=0.014, n=535) | CDS:+0.02590 (FDR=5.7e-86, n=2134)",D,general_RNA_biology,not_resolved_from_abstract,not_assessable,"Novel read-through fusion transcript Bcl2l2-Pabpn1 in glioblastoma cells. (2022; 10.1111/jcmm.17481) || Characterization of a Read-through Fusion Transcript, BCL2L2-PABPN1, Involved in Porcine Adipogenesis. (2022; 10.3390/genes13030445) || Genome-Wide Methylation of Mild Cognitive Impairment in Mexican Americans Highlights Genes Involved in Synaptic Transport, Alzheimer's Disease-Precursor Phenotypes, and Metabolic Morbidities. (2019; 10.3233/jad-190634)",5
ENSG00000231044,CDS,0.0100282010337859,4.05271097028944e-21,1895,Positive,"3UTR:-0.00164 (FDR=1.7e-07, n=1707) | 5UTR:-0.00356 (FDR=0.0044, n=592) | CDS:+0.01003 (FDR=4.1e-21, n=1895)",None,no_symbol-specific_hit,not_available,not_assessable,,0
ENSG00000206268,CDS,0.0100282010337859,4.05271097028944e-21,1895,Positive,"3UTR:-0.00164 (FDR=1.7e-07, n=1707) | 5UTR:-0.00356 (FDR=0.0044, n=592) | CDS:+0.01003 (FDR=4.1e-21, n=1895)",None,no_symbol-specific_hit,not_available,not_assessable,,0
ENSG00000206357,CDS,0.0100282010337859,4.05271097028944e-21,1895,Positive,"3UTR:-0.00164 (FDR=1.7e-07, n=1707) | 5UTR:-0.00356 (FDR=0.0044, n=592) | CDS:+0.01003 (FDR=4.1e-21, n=1895)",None,no_symbol-specific_hit,not_available,not_assessable,,0
ENSG00000229363,CDS,0.0100282010337859,4.05271097028944e-21,1895,Positive,"3UTR:-0.00164 (FDR=1.7e-07, n=1707) | 5UTR:-0.00356 (FDR=0.0044, n=592) | CDS:+0.01003 (FDR=4.1e-21, n=1895)",None,no_symbol-specific_hit,not_available,not_assessable,,0
ENSG00000233801,CDS,0.0100282010337859,4.05271097028944e-21,1895,Positive,"3UTR:-0.00164 (FDR=1.7e-07, n=1707) | 5UTR:-0.00356 (FDR=0.0044, n=592) | CDS:+0.01003 (FDR=4.1e-21, n=1895)",None,no_symbol-specific_hit,not_available,not_assessable,,0
YTHDC1,CDS,0.0082367439833745,4.461106784879754e-17,2800,Positive,"3UTR:-0.00169 (FDR=1.8e-09, n=2687) | 5UTR:-0.00695 (FDR=2.7e-24, n=2482) | CDS:+0.00824 (FDR=4.5e-17, n=2800)",A,direct_translation;general_RNA_biology;lncRNA;nuclear_export_or_retention;pre_mRNA_splicing;stability_or_decay,context_dependent_or_mixed,context_dependent,YTHDC1 mediates nuclear export of N<sup>6</sup>-methyladenosine methylated mRNAs. (2017; 10.7554/elife.31311) || S-Adenosylmethionine Synthesis Is Regulated by Selective N<sup>6</sup>-Adenosine Methylation and mRNA Degradation Involving METTL16 and YTHDC1. (2017; 10.1016/j.celrep.2017.11.092) || Ythdc2 is an N<sup>6</sup>-methyladenosine binding protein that regulates mammalian spermatogenesis. (2017; 10.1038/cr.2017.99),24
NELFE,CDS,0.0107323297934641,2.3302781031338694e-22,1963,Positive,"3UTR:-0.00176 (FDR=9.2e-08, n=1752) | 5UTR:-0.00336 (FDR=0.0044, n=625) | CDS:+0.01073 (FDR=2.3e-22, n=1963)",B,general_RNA_biology;stability_or_decay,context_dependent_or_mixed,context_dependent,NELFE promoted pancreatic cancer metastasis and the epithelial‑to‑mesenchymal transition by decreasing the stabilization of NDRG2 mRNA. (2019; 10.3892/ijo.2019.4890) || The RNA-Binding Protein NELFE Promotes Gastric Cancer Growth and Metastasis Through E2F2. (2021; 10.3389/fonc.2021.677111) || Oncogenic Activation of the RNA Binding Protein NELFE and MYC Signaling in Hepatocellular Carcinoma. (2017; 10.1016/j.ccell.2017.06.002),16
PCBP1,CDS,-0.0066245339076034,0.0005937111063623,2740,Negative,"3UTR:+0.00176 (FDR=1.2e-05, n=2560) | 5UTR:-0.00177 (FDR=0.62, n=1910) | CDS:-0.00662 (FDR=0.00059, n=2740)",A,direct_translation;general_RNA_biology;pre_mRNA_splicing;stability_or_decay,context_dependent_or_mixed,context_dependent,PCBP1 suppresses the translation of metastasis-associated PRL-3 phosphatase. (2010; 10.1016/j.ccr.2010.04.028) || Hypoxia-Induced circPRELID2 Promotes Gastric Cancer Metastasis by Facilitating ZEB2 Translation via PCBP1 O-GlcNAcylation. (2025; 10.1002/advs.202505396) || RNA binding proteins PCBP1 and PCBP2 regulate pancreatic β cell translation. (2025; 10.1016/j.molmet.2025.102175),24
ESRP1,5UTR,-0.0125694559078161,3.2856924656463826e-43,1284,Negative,"3UTR:-0.00179 (FDR=2.8e-06, n=2067) | 5UTR:-0.01257 (FDR=3.3e-43, n=1284) | CDS:+0.00833 (FDR=6.7e-28, n=2533)",B,general_RNA_biology;pre_mRNA_splicing;stability_or_decay,positive_candidate,candidate_discordant,A ESRP1/circPHGDH/miR-149/RAP1B positive feedback loop promotes the malignant behaviors and glycolysis of prostate cancer cell. (2026; 10.1038/s12276-026-01646-x) || Esrp1 and Esrp2 Regulate the Stability of &lt;i&gt;tmc1&lt;/i&gt;/&lt;i&gt;2a&lt;/i&gt; mRNAs in Zebrafish Sensory Hair Cells. (2025; 10.1523/jneurosci.0837-24.2025) || ESRP1 and ESRP2 are epithelial cell-type-specific regulators of FGFR2 splicing. (2009; 10.1016/j.molcel.2009.01.025),24
PABPN1,CDS,0.0251379165465031,1.004030123555144e-78,2134,Positive,"3UTR:-0.00189 (FDR=2.2e-10, n=1847) | 5UTR:-0.00384 (FDR=0.0035, n=535) | CDS:+0.02514 (FDR=1e-78, n=2134)",A,direct_translation;general_RNA_biology;lncRNA;nuclear_export_or_retention;pre_mRNA_splicing;stability_or_decay,context_dependent_or_mixed,context_dependent,Identification of HuR target circular RNAs uncovers suppression of PABPN1 translation by CircPABPN1. (2017; 10.1080/15476286.2017.1279788) || PABPN1 prevents the nuclear export of an unspliced RNA with a constitutive transport element and controls human gene expression via intron retention. (2023; 10.1261/rna.079294.122) || PABPN1 Couples the Polyadenylation and Translation of Maternal Transcripts to Mouse Oocyte Meiotic Maturation. (2025; 10.1002/advs.202500048),24
SRSF1,5UTR,-0.0095584047706672,3.2675247519209063e-34,2594,Negative,"3UTR:-0.00204 (FDR=2.1e-09, n=2680) | 5UTR:-0.00956 (FDR=3.3e-34, n=2594) | CDS:+0.00389 (FDR=7.7e-09, n=2800)",A,direct_translation;general_RNA_biology;lncRNA;nuclear_export_or_retention;pre_mRNA_splicing;stability_or_decay,context_dependent_or_mixed,context_dependent,Splice-switching ASOs targeting the AURKA 5' UTR collapse an SRSF1-AURKA-MYC oncogenic circuit in pancreatic cancer. (2026; 10.1016/j.molcel.2025.12.004) || Split-APEX implicates splicing factor SRSF1 and splicing helicases in ribosomal biogenesis. (2025; 10.3389/fmolb.2025.1714378) || The splicing factor SRSF1 regulates apoptosis and proliferation to promote mammary epithelial cell transformation. (2012; 10.1038/nsmb.2207),24
PABPC5,CDS,0.0206304804550374,7.601251156057478e-54,1700,Positive,"3UTR:-0.00205 (FDR=1.6e-06, n=1641) | 5UTR:-0.00207 (FDR=0.38, n=392) | CDS:+0.02063 (FDR=7.6e-54, n=1700)",A,direct_translation;general_RNA_biology;stability_or_decay,not_resolved_from_abstract,not_assessable,Mechanistic insights into PABPC5-mediated regulation of apoptosis in glioma pathophysiology. (2026; 10.1038/s41598-025-33448-y) || The PABPC5/HCG15/ZNF331 Feedback Loop Regulates Vasculogenic Mimicry of Glioma via STAU1-Mediated mRNA Decay. (2020; 10.1016/j.omto.2020.03.017) || Alternative translation initiation augments the human mitochondrial proteome. (2013; 10.1093/nar/gks1347),6
PABPC1L2A,CDS,0.0220141312016488,2.7613558019940125e-58,1412,Positive,"3UTR:-0.00377 (FDR=8.9e-18, n=1539) | 5UTR:-0.00208 (FDR=0.22, n=350) | CDS:+0.02201 (FDR=2.8e-58, n=1412)",None,no_symbol-specific_hit,not_available,not_assessable,,0
PABPC1L2B,CDS,0.0220141312016488,2.7613558019940125e-58,1412,Positive,"3UTR:-0.00377 (FDR=8.9e-18, n=1539) | 5UTR:-0.00208 (FDR=0.22, n=350) | CDS:+0.02201 (FDR=2.8e-58, n=1412)",D,general_RNA_biology,not_resolved_from_abstract,not_assessable,Identification and validation of RNA-binding protein-related gene signature revealed potential associations with immunosuppression and drug sensitivity in glioma. (2021; 10.1002/cam4.4248),1
LIN28A,CDS,0.0157905538185934,9.262341211832043e-56,2524,Positive,"3UTR:-0.00212 (FDR=7.6e-06, n=1864) | 5UTR:-0.00278 (FDR=0.0047, n=1220) | CDS:+0.01579 (FDR=9.3e-56, n=2524)",A,direct_translation;general_RNA_biology;lncRNA;stability_or_decay,context_dependent_or_mixed,context_dependent,LIN28A is a suppressor of ER-associated translation in embryonic stem cells. (2012; 10.1016/j.cell.2012.10.019) || Single-cell profiling identifies LIN28A mRNA targets in the mouse pluripotent-to-2C-like transition and somatic cell reprogramming. (2024; 10.1016/j.jbc.2024.107824) || LIN28A-dependent lncRNA NEAT1 aggravates sepsis-induced acute respiratory distress syndrome through destabilizing ACE2 mRNA by RNA methylation. (2025; 10.1186/s12967-024-06032-7),24
HEXIM2,CDS,0.029950050841457,4.761551648680809e-14,482,Positive,"3UTR:-0.00213 (FDR=0.11, n=126) | 5UTR:-0.01696 (FDR=0.0093, n=96) | CDS:+0.02995 (FDR=4.8e-14, n=482)",D,general_RNA_biology,not_resolved_from_abstract,not_assessable,"Specificity of Hexim1 and Hexim2 complex formation with cyclin T1/T2, importin alpha and 7SK snRNA. (2010; 10.1016/j.jmb.2009.10.055) || 7SK snRNA: a noncoding RNA that plays a major role in regulating eukaryotic transcription. (2012; 10.1002/wrna.106) || The transcription-dependent dissociation of P-TEFb-HEXIM1-7SK RNA relies upon formation of hnRNP-7SK RNA complexes. (2007; 10.1128/mcb.00975-07)",6
SAMD4A,5UTR,-0.0131960105284151,3.9659801208673445e-48,1473,Negative,"3UTR:-0.00220 (FDR=2.8e-13, n=1849) | 5UTR:-0.01320 (FDR=4e-48, n=1473) | CDS:+0.00860 (FDR=1.8e-20, n=2511)",A,direct_translation;general_RNA_biology;pre_mRNA_splicing;stability_or_decay,context_dependent_or_mixed,context_dependent,RNA-binding protein SAMD4A inhibits breast tumor angiogenesis by modulating the balance of angiogenesis program. (2021; 10.1111/cas.15053) || Smaug/SAMD4A restores translational activity of CUGBP1 and suppresses CUG-induced myopathy. (2013; 10.1371/journal.pgen.1003445) || RNA-binding protein SAMD4A targets FGF2 to regulate cardiomyocyte lineage specification from human embryonic stem cells. (2025; 10.1186/s13287-025-04269-7),24
SAMD4B,5UTR,-0.0131960105284151,3.9659801208673445e-48,1473,Negative,"3UTR:-0.00220 (FDR=2.8e-13, n=1849) | 5UTR:-0.01320 (FDR=4e-48, n=1473) | CDS:+0.00860 (FDR=1.8e-20, n=2511)",A,direct_translation;general_RNA_biology;stability_or_decay,positive_candidate,candidate_discordant,Oncogenic Role of SAMD4B in Breast Cancer Progression by Activating Wnt/β-Catenin Pathway. (2025; 10.3390/biom15101423) || RNA binding protein SAMD4: current knowledge and future perspectives. (2023; 10.1186/s13578-023-00968-x) || Synergistic immunochemotherapy targeted SAMD4B-APOA2-PD-L1 axis potentiates antitumor immunity in hepatocellular carcinoma. (2024; 10.1038/s41419-024-06699-2),10
ZC3H14,CDS,-0.0088309979191964,0.0005430017269347,765,Negative,"3UTR:+0.00207 (FDR=1.3e-07, n=1595) | 5UTR:-0.00229 (FDR=0.96, n=261) | CDS:-0.00883 (FDR=0.00054, n=765)",A,direct_translation;general_RNA_biology;lncRNA;nuclear_export_or_retention;pre_mRNA_splicing;stability_or_decay,positive_candidate,candidate_discordant,An endogenous PI3K interactome promoting astrocyte-mediated neuroprotection identifies a novel association with RNA-binding protein ZC3H14. (2021; 10.1074/jbc.ra120.015389) || Antagonistic roles by the conserved nuclear poly(A)-binding proteins PABPN1 and ZC3H14 in nuclear RNA surveillance. (2025; 10.1093/nar/gkaf060) || Splice variants of the human ZC3H14 gene generate multiple isoforms of a zinc finger polyadenosine RNA binding protein. (2009; 10.1016/j.gene.2009.02.022),22
HNRNPA1L2,CDS,-0.0119580678308583,6.582697288338592e-05,343,Negative,"3UTR:+0.00212 (FDR=2.3e-08, n=954) | 5UTR:-0.00232 (FDR=0.037, n=235) | CDS:-0.01196 (FDR=6.6e-05, n=343)",C,general_RNA_biology;pre_mRNA_splicing,not_resolved_from_abstract,not_assessable,H3.3-G34W in giant cell tumor of bone functionally aligns with the exon choice repressor hnRNPA1L2. (2024; 10.1038/s41417-024-00776-6) || m6A reading protein RBMX as a biomarker for prognosis and tumor progression in esophageal cancer. (2023; 10.21037/tcr-23-84) || Risk model of liquid-liquid phase separation-related genes reveals the prognosis and tumor microenvironment characteristics of colorectal cancer. (2025; 10.1002/ccs3.70054),4
FXR1,5UTR,-0.0281508344340441,1.2457244906015416e-07,100,Negative,"3UTR:-0.00239 (FDR=4.6e-07, n=605) | 5UTR:-0.02815 (FDR=1.2e-07, n=100) | CDS:+0.01237 (FDR=2.4e-16, n=1143)",A,direct_translation;general_RNA_biology;pre_mRNA_splicing;stability_or_decay,context_dependent_or_mixed,context_dependent,AU-rich-element-mediated upregulation of translation by FXR1 and Argonaute 2. (2007; 10.1016/j.cell.2007.01.038) || LLPS of FXR1 drives spermiogenesis by activating translation of stored mRNAs. (2022; 10.1126/science.abj6647) || An in-depth review of the function of RNA-binding protein FXR1 in neurodevelopment. (2024; 10.1007/s00441-024-03912-8),24
FXR2,CDS,0.0134474029815041,4.9715757121094604e-39,2199,Positive,"3UTR:-0.00240 (FDR=6.4e-09, n=1392) | 5UTR:-0.00422 (FDR=0.018, n=657) | CDS:+0.01345 (FDR=5e-39, n=2199)",A,direct_translation;general_RNA_biology;stability_or_decay,not_resolved_from_abstract,not_assessable,Evidence that fragile X mental retardation protein is a negative regulator of translation. (2001; 10.1093/hmg/10.4.329) || Specific sequences in the fragile X syndrome protein FMR1 and the FXR proteins mediate their binding to 60S ribosomal subunits and the interactions among them. (1996; 10.1128/mcb.16.7.3825) || The fragile X mental retardation protein is associated with poly(A)+ mRNA in actively translating polyribosomes. (1997; 10.1093/hmg/6.9.1465),24
SRSF6,CDS,0.0094601672806251,3.0836039108678873e-30,2789,Positive,"3UTR:-0.00247 (FDR=2.8e-15, n=2537) | 5UTR:-0.00322 (FDR=0.029, n=2442) | CDS:+0.00946 (FDR=3.1e-30, n=2789)",A,direct_translation;general_RNA_biology;lncRNA;pre_mRNA_splicing;stability_or_decay,context_dependent_or_mixed,context_dependent,Genome-scale CRISPR screening uncovers SRSF6 as a target to sensitize hepatocellular carcinoma to radiotherapy. (2026; 10.1016/j.jhepr.2026.101978) || CircNSD2 promotes metastasis and immune escape by increasing the USP10/SRSF6-mediated alternative splicing of TPM1 in TNBC. (2026; 10.1186/s12943-026-02627-4) || Long non-coding RNA LINC01133 inhibits epithelial-mesenchymal transition and metastasis in colorectal cancer by interacting with SRSF6. (2016; 10.1016/j.canlet.2016.07.015),24
LIN28B,CDS,0.0220957978052882,8.21985409987152e-76,2512,Positive,"3UTR:-0.00250 (FDR=1.3e-06, n=1859) | 5UTR:-0.00302 (FDR=0.0084, n=1216) | CDS:+0.02210 (FDR=8.2e-76, n=2512)",A,direct_translation;general_RNA_biology;pre_mRNA_splicing;stability_or_decay,context_dependent_or_mixed,context_dependent,"Microprotein PLUM encoded by Lin28b uORF is a cytoplasmic determinant of pluripotency and embryonic development. (2025; 10.1038/s41467-025-66297-4) || Role of LIN28B in the Regulation of Ribosomal Biogenesis and Lipid Metabolism in Medulloblastoma Brain Cancer Cells. (2025; 10.3390/proteomes13020014) || N<sup>6</sup>-methyladenosine modification of circMARK2 enhances cytoplasmic export and stabilizes LIN28B, contributing to the progression of Wilms tumor. (2024; 10.1186/s13046-024-03113-9)",24
SFPQ,CDS,0.0115209302886537,2.123040421980021e-31,2800,Positive,"3UTR:-0.00346 (FDR=6.1e-20, n=2665) | 5UTR:-0.00251 (FDR=0.018, n=2321) | CDS:+0.01152 (FDR=2.1e-31, n=2800)",A,direct_translation;general_RNA_biology;lncRNA;nuclear_export_or_retention;pre_mRNA_splicing;stability_or_decay,positive_candidate,candidate_concordant,An alternative cytoplasmic SFPQ isoform with reduced phase separation potential is up-regulated in ALS. (2025; 10.1126/sciadv.adt4814) || Splicing factor proline- and glutamine-rich (SFPQ) protein causes transcriptional repression of SNAIL to counteract TGF-β signaling. (2026; 10.1016/j.bbagrm.2026.195179) || SFPQ Promotes Homologous Recombination via mRNA Stabilization of RAD51 and Its Paralogs. (2026; 10.1016/j.jmb.2026.169677),24
HNRNPH2,CDS,0.0144128032013895,3.540255261330601e-43,2797,Positive,"3UTR:-0.00264 (FDR=4.8e-11, n=2616) | 5UTR:-0.00488 (FDR=2.4e-11, n=2325) | CDS:+0.01441 (FDR=3.5e-43, n=2797)",A,direct_translation;general_RNA_biology;nuclear_export_or_retention;pre_mRNA_splicing,positive_candidate,candidate_concordant,Variant-specific effects define the phenotypic spectrum of HNRNPH2-associated neurodevelopmental disorders in males. (2022; 10.1007/s00439-021-02412-x) || The major reverse transcriptase-incompetent splice variant of the human telomerase protein inhibits telomerase activity but protects from apoptosis. (2013; 10.1158/0008-5472.can-12-3082) || Preclinical evaluation of antisense oligonucleotide therapy in a mouse model of &lt;i&gt;HNRNPH2&lt;/i&gt;-related neurodevelopmental disorder. (2026; 10.1126/scitranslmed.adx3491),23
HNRNPH1,CDS,0.0144128032013895,3.540255261330601e-43,2797,Positive,"3UTR:-0.00264 (FDR=4.8e-11, n=2616) | 5UTR:-0.00489 (FDR=2.1e-11, n=2326) | CDS:+0.01441 (FDR=3.5e-43, n=2797)",A,direct_translation;general_RNA_biology;pre_mRNA_splicing;stability_or_decay,context_dependent_or_mixed,context_dependent,PTK6 drives HNRNPH1 phase separation to activate autophagy and suppress apoptosis in colorectal cancer. (2025; 10.1080/15548627.2025.2481001) || hnRNPH1: A Multifaceted Regulator in RNA Processing and Disease Pathogenesis. (2025; 10.3390/ijms26115159) || Integrative RNA-seq and iRIP-seq analysis links SNRPA overexpression to transcriptomic and splicing alterations in hepatocellular carcinoma cells. (2026; 10.3389/fonc.2026.1800728),24
ERI1,CDS,-0.0070998177823623,2.2832109830318268e-23,2664,Negative,"3UTR:-0.00211 (FDR=4.3e-09, n=2330) | 5UTR:-0.00267 (FDR=1.1e-06, n=1798) | CDS:-0.00710 (FDR=2.3e-23, n=2664)",A,direct_translation;general_RNA_biology;lncRNA;nuclear_export_or_retention;pre_mRNA_splicing;stability_or_decay,context_dependent_or_mixed,context_dependent,Mouse Eri1 interacts with the ribosome and catalyzes 5.8S rRNA processing. (2008; 10.1038/nsmb.1417) || Eri1: a conserved enzyme at the crossroads of multiple RNA-processing pathways. (2014; 10.1016/j.tig.2014.05.003) || Null and missense mutations of ERI1 cause a recessive phenotypic dichotomy in humans. (2023; 10.1016/j.ajhg.2023.06.001),19
FUS,5UTR,-0.0090184199171492,4.558066833488784e-29,1724,Negative,"3UTR:-0.00268 (FDR=3.9e-11, n=2340) | 5UTR:-0.00902 (FDR=4.6e-29, n=1724) | CDS:+0.00516 (FDR=4.5e-08, n=2709)",A,direct_translation;general_RNA_biology;nuclear_export_or_retention;pre_mRNA_splicing;stability_or_decay,context_dependent_or_mixed,context_dependent,FUS Phase Separation Is Modulated by a Molecular Chaperone and Methylation of Arginine Cation-π Interactions. (2018; 10.1016/j.cell.2018.03.056) || Axonal Eif5a hypusination controls local translation and mitigates defects in FUS-ALS. (2026; 10.1038/s41593-025-02101-2) || CircLRIG1 inhibits the malignant phenotypes of colorectal cancer cells by inactivating the NF-κB signaling through interaction with FUS. (2026; 10.1007/s12672-026-05259-8),24
RBM25,5UTR,-0.0078253832490706,1.3765022531786147e-25,1456,Negative,"3UTR:-0.00268 (FDR=5.5e-11, n=1993) | 5UTR:-0.00783 (FDR=1.4e-25, n=1456) | CDS:+0.00436 (FDR=0.00023, n=2393)",A,direct_translation;general_RNA_biology;lncRNA;pre_mRNA_splicing;stability_or_decay,context_dependent_or_mixed,context_dependent,"RNA-Binding Protein RBM25 Targets the mRNA Stability of GTPase Rab22a to Restrict Viral Entry and Infection. (2026; 10.1002/advs.76160) || Novel splicing factor RBM25 modulates Bcl-x pre-mRNA 5' splice site selection. (2008; 10.1128/mcb.00560-08) || Metformin attenuates multiple myeloma cell proliferation and encourages apoptosis by suppressing METTL3-mediated m6A methylation of THRAP3, RBM25, and USP4. (2023; 10.1080/15384101.2023.2170521)",24
MEX3A,CDS,0.0125308822895791,8.276430059440234e-38,2129,Positive,"3UTR:-0.00299 (FDR=6.2e-15, n=2313) | 5UTR:-0.00345 (FDR=0.021, n=809) | CDS:+0.01253 (FDR=8.3e-38, n=2129)",A,direct_translation;general_RNA_biology;stability_or_decay,context_dependent_or_mixed,context_dependent,"Role of MEX3A in tumorigenesis: Mechanisms, tumor‑specific effects and therapeutic implications (Review). (2025; 10.3892/ijmm.2025.5579) || MEX3A Mediates p53 Degradation to Suppress Ferroptosis and Facilitate Ovarian Cancer Tumorigenesis. (2023; 10.1158/0008-5472.can-22-1159) || The RNA-Binding Ubiquitin Ligase MEX3A Affects Glioblastoma Tumorigenesis by Inducing Ubiquitylation and Degradation of RIG-I. (2020; 10.3390/cancers12020321)",24
DDX58,5UTR,-0.0108386607342642,7.149890490771595e-53,1831,Negative,"3UTR:-0.00300 (FDR=7.9e-16, n=1534) | 5UTR:-0.01084 (FDR=7.1e-53, n=1831) | CDS:+0.00145 (FDR=0.0001, n=2465)",A,direct_translation;general_RNA_biology;stability_or_decay,context_dependent_or_mixed,context_dependent,Therapy-induced senescent glioblastoma cells sustain a procancer immune microenvironment by activating DDX58-mediated STAT1 signaling. (2025; 10.1093/neuonc/noaf107) || RNF135 promotes the stemness of breast cancer cells by ubiquitinating and degrading DDX58. (2025; 10.1016/j.tranon.2025.102321) || RNF157 targets RIG-I/DDX58 to promote proliferation in liver cancer. (2025; 10.1186/s12885-025-14224-7),24
RBM4B,5UTR,-0.0105116874422464,1.6885848738728467e-24,2016,Negative,"3UTR:-0.00308 (FDR=9.4e-17, n=1945) | 5UTR:-0.01051 (FDR=1.7e-24, n=2016) | CDS:+0.00576 (FDR=3e-11, n=2588)",D,general_RNA_biology,not_resolved_from_abstract,not_assessable,The LARK/RBM4a protein is highly expressed in cerebellum as compared to cerebrum. (2008; 10.1016/j.neulet.2008.08.017),1
PABPN1L,CDS,0.02001347540446,7.1104750246196855e-62,1918,Positive,"3UTR:-0.00348 (FDR=4.4e-17, n=2077) | 5UTR:-0.00316 (FDR=0.018, n=612) | CDS:+0.02001 (FDR=7.1e-62, n=1918)",B,general_RNA_biology;stability_or_decay,not_resolved_from_abstract,not_assessable,"PABPN1L mediates cytoplasmic mRNA decay as a placeholder during the maternal-to-zygotic transition. (2020; 10.15252/embr.201949956) || PABPN1L is required for maternal mRNA degradation after meiosis resumption. (2024; 10.1262/jrd.2023-077) || Five questions toward mRNA degradation in oocytes and preimplantation embryos: when, who, to whom, how, and why?†. (2022; 10.1093/biolre/ioac014)",5
RBM22,CDS,-0.0056684594473263,3.730495986839314e-05,2426,Negative,"3UTR:-0.00338 (FDR=8e-27, n=1463) | 5UTR:+0.00093 (FDR=0.014, n=1328) | CDS:-0.00567 (FDR=3.7e-05, n=2426)",B,general_RNA_biology;pre_mRNA_splicing;stability_or_decay,context_dependent_or_mixed,context_dependent,"RNA binding protein RBM22 suppresses non-small cell lung cancer tumorigenesis by stabilizing LATS1 mRNA. (2024; 10.1007/s10735-024-10285-3) || Cwc2 and its human homologue RBM22 promote an active conformation of the spliceosome catalytic centre. (2012; 10.1038/emboj.2011.502) || RBM22, a Key Player of Pre-mRNA Splicing and Gene Expression Regulation, Is Altered in Cancer. (2022; 10.3390/cancers14030643)",19
ILF2,5UTR,-0.011430703600265,2.6742758094243987e-09,289,Negative,"3UTR:-0.00349 (FDR=0.0027, n=743) | 5UTR:-0.01143 (FDR=2.7e-09, n=289) | CDS:-0.00196 (FDR=0.21, n=466)",A,direct_translation;general_RNA_biology;pre_mRNA_splicing;stability_or_decay,context_dependent_or_mixed,context_dependent,ICAM1 mRNA entraps ILF2/ILF3 to inhibit transcription of EIF4E and global protein synthesis. (2026; 10.1016/j.molcel.2025.12.017) || ILF2 Is a Regulator of RNA Splicing and DNA Damage Response in 1q21-Amplified Multiple Myeloma. (2017; 10.1016/j.ccell.2017.05.011) || Mechanism of ribonucleic acid-binding protein ILF2 in promoting diabetic foot ulcer wound healing via regulating the nucleophosmin 1/NF-κB axis. (2026; 10.1093/burnst/tkag021),24
SRP54,CDS,-0.0090654606351883,2.486780996110983e-32,2780,Negative,"3UTR:+0.00024 (FDR=0.4, n=2522) | 5UTR:-0.00362 (FDR=2.6e-12, n=2223) | CDS:-0.00907 (FDR=2.5e-32, n=2780)",A,direct_translation;general_RNA_biology;pre_mRNA_splicing;stability_or_decay,context_dependent_or_mixed,context_dependent,A chloroplast homologue of the signal recognition particle subunit SRP54 is involved in the posttranslational integration of a protein into thylakoid membranes. (1995; 10.1073/pnas.92.9.3789) || The role of chloroplast SRP54 domains and its C-terminal tail region in post- and co-translational protein transport in vivo. (2024; 10.1093/jxb/erae293) || SRP54 of black carp negatively regulates MDA5-mediated antiviral innate immunity. (2024; 10.1016/j.dci.2024.105252),24
CSTF2T,5UTR,-0.0340806450683803,0.0118679470486111,16,Negative,"3UTR:-0.00368 (FDR=0.039, n=45) | 5UTR:-0.03408 (FDR=0.012, n=16) | CDS:+0.00911 (FDR=0.073, n=31)",D,general_RNA_biology,positive_candidate,candidate_discordant,Cstf2t Regulates expression of histones and histone-like proteins in male germ cells. (2018; 10.1111/andr.12488) || The Cstf2t Polyadenylation Gene Plays a Sex-Specific Role in Learning Behaviors in Mice. (2016; 10.1371/journal.pone.0165976) || CSTF2T facilitates pancreatic adenocarcinoma growth and metastasis by elevating H3K4Me1 methylation of CALB2 via ASH2L. (2023; 10.1080/15384047.2023.2216041),10
KHSRP,CDS,-0.0112787822349334,3.118231075300646e-34,2776,Negative,"3UTR:-0.00018 (FDR=0.71, n=2652) | 5UTR:-0.00368 (FDR=1.2e-15, n=2228) | CDS:-0.01128 (FDR=3.1e-34, n=2776)",A,direct_translation;general_RNA_biology;lncRNA;pre_mRNA_splicing;stability_or_decay,context_dependent_or_mixed,context_dependent,Control of the negative IRES trans-acting factor KHSRP by ubiquitination. (2017; 10.1093/nar/gkw1042) || miRNA-Mediated KHSRP Silencing Rewires Distinct Post-transcriptional Programs during TGF-β-Induced Epithelial-to-Mesenchymal Transition. (2016; 10.1016/j.celrep.2016.06.055) || A novel small molecule inhibitor targeting KHSRP methylation suppresses colon cancer progression. (2026; 10.1016/j.apsb.2026.06.031),24
ENSG00000276833,5UTR,-0.0081770688066433,3.893333273084875e-31,1931,Negative,"3UTR:-0.00374 (FDR=5.1e-21, n=2348) | 5UTR:-0.00818 (FDR=3.9e-31, n=1931) | CDS:-0.00115 (FDR=0.51, n=2760)",None,no_symbol-specific_hit,not_available,not_assessable,,0
PTBP1,CDS,-0.0068393168025156,0.0847677688090935,2800,Negative,"3UTR:+0.00171 (FDR=1e-07, n=2713) | 5UTR:-0.00375 (FDR=2.2e-09, n=2531) | CDS:-0.00684 (FDR=0.085, n=2800)",A,direct_translation;general_RNA_biology;nuclear_export_or_retention;pre_mRNA_splicing;stability_or_decay,context_dependent_or_mixed,context_dependent,PSD-95 is post-transcriptionally repressed during early neural development by PTBP1 and PTBP2. (2012; 10.1038/nn.3026) || PTBP1 and Cancer: From RNA Regulation to Therapeutic Potential. (2025; 10.1111/jcmm.70675) || Polypyrimidine tract binding proteins PTBP1 and PTBP2 associate with distinct proteins and have distinct post-translational modifications in neuronal nuclear extract. (2025; 10.1371/journal.pone.0325143),24
AGO2,CDS,0.0126383076329264,0.3791222906291779,38,Positive,"3UTR:-0.00512 (FDR=2.4e-10, n=361) | 5UTR:-0.00385 (FDR=0.44, n=27) | CDS:+0.01264 (FDR=0.38, n=38)",A,direct_translation;general_RNA_biology;stability_or_decay,positive_candidate,candidate_concordant,Oncogenic KRAS Rewires mRNA Stability and Translation through AGO2-Mediated Disruption of the miRNA pathway. (2026; 10.1158/0008-5472.can-25-1047) || CSDE1 stabilizes AGO2 in embryonic stem cells. (2025; 10.3389/fmolb.2025.1745258) || Target mRNAs are repressed as efficiently by microRNA-binding sites in the 5' UTR as in the 3' UTR. (2007; 10.1073/pnas.0703820104),24
FMR1,5UTR,-0.0085386581730827,2.731629249653711e-14,1447,Negative,"3UTR:-0.00391 (FDR=4.7e-19, n=2217) | 5UTR:-0.00854 (FDR=2.7e-14, n=1447) | CDS:-0.00103 (FDR=0.048, n=2640)",A,direct_translation;general_RNA_biology;pre_mRNA_splicing;stability_or_decay,negative_candidate,candidate_concordant,Elevated levels of FMR1 mRNA in carrier males: a new mechanism of involvement in the fragile-X syndrome. (2000; 10.1086/302720) || IGF2BPs directly regulate the noncanonical translation of toxic proteins from mutant FMR1 mRNA containing expanded CGG repeats. (2025; 10.1038/s41467-025-67261-y) || The role of FMR1 mRNA structure on the efficiency of non-canonical translation of toxic polyglycine protein. (2026; 10.1093/nar/gkag569),24
SERBP1,5UTR,-0.0096483255149323,1.5097020474744366e-13,517,Negative,"3UTR:-0.00015 (FDR=0.46, n=128) | 5UTR:-0.00965 (FDR=1.5e-13, n=517) | CDS:-0.00416 (FDR=0.2, n=465)",A,direct_translation;general_RNA_biology;pre_mRNA_splicing;stability_or_decay,context_dependent_or_mixed,context_dependent,The mRNA-binding protein Serbp1 as an auxiliary protein associated with mammalian cytoplasmic ribosomes. (2018; 10.1002/cbf.3350) || SERBP1 affects homologous recombination-mediated DNA repair by regulation of CtIP translation during S phase. (2015; 10.1093/nar/gkv592) || Structural Characterization of the RNA-Binding Protein SERBP1 Reveals Intrinsic Disorder and Atypical RNA Binding Modes. (2021; 10.3389/fmolb.2021.744707),24
HNRNPH3,CDS,-0.0061938785048696,3.1007628905019503e-16,2776,Negative,"3UTR:-0.00065 (FDR=0.00089, n=2524) | 5UTR:-0.00456 (FDR=7.3e-15, n=2211) | CDS:-0.00619 (FDR=3.1e-16, n=2776)",A,direct_translation;general_RNA_biology;lncRNA;nuclear_export_or_retention;pre_mRNA_splicing,positive_candidate,candidate_discordant,"Loss of Ranbp2 in motoneurons causes disruption of nucleocytoplasmic and chemokine signaling, proteostasis of hnRNPH3 and Mmp28, and development of amyotrophic lateral sclerosis-like syndromes. (2017; 10.1242/dmm.027730) || Comparative analysis of retroviral Gag-host cell interactions: focus on the nuclear interactome. (2024; 10.1186/s12977-024-00645-y) || Prognostic alternative splicing regulatory network of splicing events in acute myeloid leukemia patients based on SpliceSeq data from 136 cases. (2020; 10.4149/neo_2020_190917n922)",12
HNRNPK,CDS,-0.00569314808635,1.834334268236105e-09,2777,Negative,"3UTR:+0.00134 (FDR=5.5e-06, n=2556) | 5UTR:-0.00465 (FDR=1.1e-16, n=2122) | CDS:-0.00569 (FDR=1.8e-09, n=2777)",A,direct_translation;general_RNA_biology;lncRNA;pre_mRNA_splicing,positive_candidate,candidate_discordant,The paradox of hnRNPK: both absence and excess impair skeletal muscle function in mice. (2025; 10.1186/s13395-025-00393-3) || Discovery of Small Molecules That Inhibit MYC mRNA Translation Through hnRNPK and Induction of Stress Granule-Mediated mRNA Relocalization. (2025; 10.3390/ijms26178139) || Azoospermia phenotype and scRNA-seq reveal hnRNPK as a factor essential for male germ cell development in mice. (2026; 10.1093/nar/gkag108),24
HNRNPF,CDS,-0.006168434160031,1.1501961369061318e-15,2782,Negative,"3UTR:-0.00065 (FDR=0.00099, n=2526) | 5UTR:-0.00469 (FDR=2.2e-16, n=2243) | CDS:-0.00617 (FDR=1.2e-15, n=2782)",A,direct_translation;general_RNA_biology;pre_mRNA_splicing;stability_or_decay,context_dependent_or_mixed,context_dependent,ERK phosphorylates HNRNPF to promote the proliferation and suppress the differentiation of embryonic stem cells. (2026; 10.1093/nar/gkaf1490) || LINC03047 promotes mitophagy by recruiting hnRNPF to enhance CTGF mRNA stability in hypoxic pulmonary hypertension. (2026; 10.1016/j.freeradbiomed.2025.11.017) || HNRNPF Increases MAF and CCNB2 Levels To Promote Cancer Cell Stemness and Progression of Pancreatic Ductal Adenocarcinoma. (2026; 10.1007/s12015-026-11066-z),23
CELF2,CDS,-0.0057548451431017,0.0001759623496931,2800,Negative,"3UTR:+0.00233 (FDR=3e-05, n=2702) | 5UTR:-0.00503 (FDR=7.1e-14, n=2397) | CDS:-0.00575 (FDR=0.00018, n=2800)",B,general_RNA_biology;lncRNA;pre_mRNA_splicing;stability_or_decay,context_dependent_or_mixed,context_dependent,Induced transcription and stability of CELF2 mRNA drives widespread alternative splicing during T-cell signaling. (2015; 10.1073/pnas.1423695112) || Widespread JNK-dependent alternative splicing induces a positive feedback loop through CELF2-mediated regulation of MKK7 during T-cell activation. (2015; 10.1101/gad.267245.115) || Epigenetic inactivation of the splicing RNA-binding protein CELF2 in human breast cancer. (2019; 10.1038/s41388-019-0936-x),24
GRSF1,CDS,-0.0064530767800038,3.1336332817013885e-07,2740,Negative,"3UTR:-0.00417 (FDR=3.7e-10, n=2421) | 5UTR:-0.00522 (FDR=1.1e-27, n=1865) | CDS:-0.00645 (FDR=3.1e-07, n=2740)",A,direct_translation;general_RNA_biology;lncRNA;nuclear_export_or_retention;stability_or_decay,context_dependent_or_mixed,context_dependent,"The mitochondrial RNA-binding protein GRSF1 localizes to RNA granules and is required for posttranscriptional mitochondrial gene expression. (2013; 10.1016/j.cmet.2013.02.006) || miR-346 and miR-138 competitively regulate hTERT in GRSF1- and AGO2-dependent manners, respectively. (2015; 10.1038/srep15793) || Host adaptive mutations in the 2009 H1N1 pandemic influenza A virus PA gene regulate translation efficiency of viral mRNAs via GRSF1. (2022; 10.1038/s42003-022-04082-5)",24
DAZ1,3UTR,-0.0116105484809131,0.7147512448165553,30,Negative,"3UTR:-0.01161 (FDR=0.71, n=30) | CDS:+0.00111 (FDR=0.84, n=5)",D,general_RNA_biology,not_resolved_from_abstract,not_assessable,"Differential Genes Expression between Fertile and Infertile Spermatozoa Revealed by Transcriptome Analysis. (2015; 10.1371/journal.pone.0127007) || Sequence family variant loss from the AZFc interval of the human Y chromosome, but not gene copy loss, is strongly associated with male infertility. (2004; 10.1136/jmg.2004.022111) || Riboproteomic analysis of polypeptides interacting with the internal ribosome-entry site element of foot-and-mouth disease viral RNA. (2008; 10.1002/pmic.200800338)",14
ZC3H10,CDS,0.0269970164535776,1.5397375612289915e-48,1862,Positive,"3UTR:-0.00556 (FDR=6.9e-14, n=784) | 5UTR:-0.01034 (FDR=1.1e-11, n=1040) | CDS:+0.02700 (FDR=1.5e-48, n=1862)",A,direct_translation;general_RNA_biology,context_dependent_or_mixed,context_dependent,Zc3h10 regulates adipogenesis by controlling translation and F-actin/mitochondria interaction. (2021; 10.1083/jcb.202003173) || Zc3h10 is a novel mitochondrial regulator. (2018; 10.15252/embr.201745531) || Zc3h10 Acts as a Transcription Factor and Is Phosphorylated to Activate the Thermogenic Program. (2019; 10.1016/j.celrep.2019.10.099),10
XPO5,5UTR,-0.0084812526047885,1.7052023404058566e-41,2001,Negative,"3UTR:-0.00019 (FDR=0.7, n=2383) | 5UTR:-0.00848 (FDR=1.7e-41, n=2001) | CDS:-0.00557 (FDR=0.26, n=2695)",A,direct_translation;general_RNA_biology;lncRNA;nuclear_export_or_retention;pre_mRNA_splicing;stability_or_decay,context_dependent_or_mixed,context_dependent,"YTHDC1 phase separation drives the nuclear export of m<sup>6</sup>A-modified lncNONMMUT062668.2 through the transport complex SRSF3-ALYREF-XPO5 to aggravate pulmonary fibrosis. (2025; 10.1038/s41419-025-07608-x) || SARS-CoV-2 N protein-induced Dicer, XPO5, SRSF3, and hnRNPA3 downregulation causes pneumonia. (2024; 10.1038/s41467-024-51192-1) || Lipid kinase PIP5K1A regulates let-7 microRNA biogenesis through interacting with nuclear export protein XPO5. (2023; 10.1093/nar/gkad709)",24
RBM14,5UTR,-0.0171420734019963,1.606261210443956e-51,1406,Negative,"3UTR:-0.00104 (FDR=0.00075, n=990) | 5UTR:-0.01714 (FDR=1.6e-51, n=1406) | CDS:-0.00562 (FDR=0.00056, n=1760)",A,direct_translation;general_RNA_biology;nuclear_export_or_retention;pre_mRNA_splicing;stability_or_decay,positive_candidate,candidate_discordant,Maternal mRNA deadenylation and allocation via Rbm14 condensates facilitate vertebrate blastula development. (2023; 10.15252/embj.2022111364) || O-GlcNAcylation of RBM14 contributes to elevated cellular O-GlcNAc through regulation of OGA protein stability. (2024; 10.1016/j.celrep.2024.114163) || RBM14 drives prostate cancer metastasis via stabilizing HK2 mRNA to activate glycolysis and H3K18 lactylation. (2026; 10.1038/s41420-026-03131-w),24
MSI2,CDS,0.0413289041741759,5.0065154884224796e-08,98,Positive,"3UTR:-0.00575 (FDR=4.7e-05, n=331) | 5UTR:-0.01932 (FDR=0.017, n=34) | CDS:+0.04133 (FDR=5e-08, n=98)",A,direct_translation;general_RNA_biology;lncRNA;pre_mRNA_splicing;stability_or_decay,context_dependent_or_mixed,context_dependent,Musashi-2 (MSI2) supports TGF-β signaling and inhibits claudins to promote non-small cell lung cancer (NSCLC) metastasis. (2016; 10.1073/pnas.1513616113) || LncRNA LINC00942 promotes chemoresistance in gastric cancer by suppressing MSI2 degradation to enhance c-Myc mRNA stability. (2022; 10.1002/ctm2.703) || The RNA-binding protein MSI2 controls blood-tumor barrier permeability via LINC00667-Mediated IRF6 mRNA decay. (2026; 10.1016/j.jbc.2026.111208),24
RBM39,5UTR,-0.0082274366434374,1.4341588527903296e-22,1155,Negative,"3UTR:+0.00308 (FDR=4.5e-12, n=2030) | 5UTR:-0.00823 (FDR=1.4e-22, n=1155) | CDS:-0.00596 (FDR=0.72, n=2398)",A,direct_translation;general_RNA_biology;lncRNA;pre_mRNA_splicing;stability_or_decay,context_dependent_or_mixed,context_dependent,Targeting the spliceosome through RBM39 degradation results in exceptional responses in high-risk neuroblastoma models. (2021; 10.1126/sciadv.abj5405) || Anticancer sulfonamides target splicing by inducing RBM39 degradation via recruitment to DCAF15. (2017; 10.1126/science.aal3755) || Structural basis of indisulam-mediated RBM39 recruitment to DCAF15 E3 ligase complex. (2020; 10.1038/s41589-019-0411-6),24
RBM23,5UTR,-0.0082274366434374,1.4341588527903296e-22,1155,Negative,"3UTR:+0.00308 (FDR=4.5e-12, n=2030) | 5UTR:-0.00823 (FDR=1.4e-22, n=1155) | CDS:-0.00596 (FDR=0.72, n=2398)",B,general_RNA_biology;pre_mRNA_splicing;stability_or_decay,negative_candidate,candidate_concordant,Aryl Sulfonamides Degrade RBM39 and RBM23 by Recruitment to CRL4-DCAF15. (2019; 10.1016/j.celrep.2019.09.079) || Inhibition of RBM23 induces ferroptosis in colon cancer cells via c-Myc regulation. (2026; 10.1186/s12935-026-04262-x) || E3-Specific Degrader Discovery by Dynamic Tracing of Substrate Receptor Abundance. (2023; 10.1021/jacs.2c10784),8
EWSR1,5UTR,-0.0097513440794854,1.780512374609647e-34,1449,Negative,"3UTR:+0.00016 (FDR=0.88, n=2069) | 5UTR:-0.00975 (FDR=1.8e-34, n=1449) | CDS:-0.00721 (FDR=1.4e-11, n=2562)",A,direct_translation;general_RNA_biology;pre_mRNA_splicing;stability_or_decay,context_dependent_or_mixed,context_dependent,EWSR1 as a regulatory target in hepatic stellate cell apoptosis and liver fibrosis therapy. (2026; 10.1016/j.bbrep.2026.102526) || EWSR1-induced circNEIL3 promotes glioma progression and exosome-mediated macrophage immunosuppressive polarization via stabilizing IGF2BP3. (2022; 10.1186/s12943-021-01485-6) || Subversion of mRNA degradation pathways by EWSR1::FLI1 represents a therapeutic vulnerability in Ewing sarcoma. (2025; 10.1038/s41467-025-61725-x),24
DHX9,5UTR,-0.0110541993537458,4.2050248068353496e-57,1814,Negative,"3UTR:-0.00211 (FDR=3.8e-05, n=1367) | 5UTR:-0.01105 (FDR=4.2e-57, n=1814) | CDS:-0.00749 (FDR=6.6e-07, n=2309)",A,direct_translation;general_RNA_biology;pre_mRNA_splicing;stability_or_decay,context_dependent_or_mixed,context_dependent,"DHX9 suppresses RNA processing defects originating from the Alu invasion of the human genome. (2017; 10.1038/nature21715) || Ubc9-Mediated SUMOylation of RPL3, an Unappreciated Mechanism against Hepatocyte Senescence by Repressing the DHX9-p16 Axis. (2026; 10.1002/advs.202510240) || Context-dependent roles of DHX9 in Cancer: Molecular mechanisms, biomarker potential, and therapeutic perspectives. (2026; 10.1016/j.bbcan.2026.189666)",24
ADAR,5UTR,-0.0091791354650862,1.5068192551483359e-41,1637,Negative,"3UTR:-0.00161 (FDR=6e-05, n=1270) | 5UTR:-0.00918 (FDR=1.5e-41, n=1637) | CDS:-0.00812 (FDR=5.2e-10, n=2214)",A,direct_translation;general_RNA_biology;pre_mRNA_splicing;stability_or_decay,negative_candidate,candidate_concordant,Emerging clinical applications of ADAR based RNA editing. (2025; 10.1093/stcltm/szaf016) || Stress-induced apoptosis associated with null mutation of ADAR1 RNA editing deaminase gene. (2004; 10.1074/jbc.m310162200) || Dynamic landscape and regulation of RNA editing in mammals. (2017; 10.1038/nature24041),24
HEXIM1,5UTR,-0.0265674814685756,0.0001360689109181,62,Negative,"3UTR:-0.00819 (FDR=0.0036, n=43) | 5UTR:-0.02657 (FDR=0.00014, n=62) | CDS:+0.01739 (FDR=5.6e-05, n=279)",B,general_RNA_biology;lncRNA;stability_or_decay,context_dependent_or_mixed,context_dependent,USP44 regulates HEXIM1 stability to inhibit tumorigenesis and metastasis of oral squamous cell carcinoma. (2024; 10.1186/s13062-024-00573-z) || HEXIM1 and NEAT1 Long Non-coding RNA Form a Multi-subunit Complex that Regulates DNA-Mediated Innate Immune Response. (2017; 10.1016/j.molcel.2017.06.020) || HMBA releases P-TEFb from HEXIM1 and 7SK snRNA via PI3K/Akt and activates HIV transcription. (2007; 10.1371/journal.ppat.0030146),24
ZFR,5UTR,-0.0136004508255025,0.0694220970407218,30,Negative,"3UTR:+0.00403 (FDR=0.024, n=89) | 5UTR:-0.01360 (FDR=0.069, n=30) | CDS:-0.00976 (FDR=0.029, n=179)",A,direct_translation;general_RNA_biology;nuclear_export_or_retention;pre_mRNA_splicing;stability_or_decay,context_dependent_or_mixed,context_dependent,"The zinc-finger protein ZFR is critical for Staufen 2 isoform specific nucleocytoplasmic shuttling in neurons. (2006; 10.1111/j.1471-4159.2005.03523.x) || ZFR coordinates crosstalk between RNA decay and transcription in innate immunity. (2018; 10.1038/s41467-018-03326-5) || NF45 dimerizes with NF90, Zfr and SPNR via a conserved domain that has a nucleotidyltransferase fold. (2012; 10.1093/nar/gks696)",23
MEX3C,CDS,0.0431356760069827,1.101449760893059e-45,509,Positive,"3UTR:-0.01028 (FDR=2.3e-23, n=819) | 5UTR:-0.01115 (FDR=0.022, n=82) | CDS:+0.04314 (FDR=1.1e-45, n=509)",A,direct_translation;general_RNA_biology;lncRNA;nuclear_export_or_retention;pre_mRNA_splicing;stability_or_decay,context_dependent_or_mixed,context_dependent,Mex3c regulates insulin-like growth factor 1 (IGF1) expression and promotes postnatal growth. (2012; 10.1091/mbc.e11-11-0960) || MEX3C-Mediated Decay of SOCS3 mRNA Promotes JAK2/STAT3 Signaling to Facilitate Metastasis in Hepatocellular Carcinoma. (2022; 10.1158/0008-5472.can-22-1203) || Ubiquitylation of RUNX3 by RNA-binding ubiquitin ligase MEX3C promotes tumorigenesis in lung adenocarcinoma. (2024; 10.1186/s12967-023-04700-8),22
DHX58,5UTR,-0.0137758119031058,9.564431702571082e-44,900,Negative,"3UTR:-0.00074 (FDR=0.055, n=309) | 5UTR:-0.01378 (FDR=9.6e-44, n=900) | CDS:-0.01042 (FDR=3.2e-07, n=945)",A,direct_translation;general_RNA_biology;nuclear_export_or_retention;pre_mRNA_splicing;stability_or_decay,context_dependent_or_mixed,context_dependent,The RNA helicase DDX5 promotes viral infection via regulating N6-methyladenosine levels on the DHX58 and NFκB transcripts to dampen antiviral innate immunity. (2021; 10.1371/journal.ppat.1009530) || MATR3 promotes liver cancer progression by suppressing DHX58-mediated type I interferon response. (2024; 10.1016/j.canlet.2024.217231) || Interferon-α stimulates DExH-box helicase 58 to prevent hepatocyte ferroptosis. (2024; 10.1186/s40779-024-00524-9),23
SUPV3L1,CDS,-0.0140312020187981,1.1494772780073811e-08,766,Negative,"3UTR:+0.00088 (FDR=0.6, n=508) | 5UTR:-0.01160 (FDR=1e-18, n=599) | CDS:-0.01403 (FDR=1.1e-08, n=766)",B,general_RNA_biology;stability_or_decay,positive_candidate,candidate_discordant,"Fast Degradation of MecciRNAs by SUPV3L1/ELAC2 Provides a Novel Opportunity to Tackle Heart Failure With Exogenous MecciRNA. (2025; 10.1161/circulationaha.124.070840) || A New Case of Mitochondrial RNA Helicase SUPV3L1-Associated Neurodegenerative Disease: Ataxia, Spasticity, Optic Atrophy, and Skin Hypopigmentation (ASOASH). (2024; 10.3390/genes15111406) || RNA degradation in yeast and human mitochondria. (2012; 10.1016/j.bbagrm.2011.11.010)",15
THUMPD1,CDS,-0.0179464925295918,1.1821449214611526e-05,102,Negative,"3UTR:+0.00128 (FDR=0.38, n=90) | 5UTR:-0.01366 (FDR=0.6, n=8) | CDS:-0.01795 (FDR=1.2e-05, n=102)",A,direct_translation;general_RNA_biology;stability_or_decay,positive_candidate,candidate_discordant,Yeast Kre33 and human NAT10 are conserved 18S rRNA cytosine acetyltransferases that modify tRNAs assisted by the adaptor Tan1/THUMPD1. (2015; 10.1093/nar/gkv075) || Cuproptosis and Mitophagy Mediated by the THUMPD1/IGF2R-Dependent Suppression of AKT and Activation of AMPK Signaling Suppress Lung Adenocarcinoma Progression. (2026; 10.1002/advs.202521238) || Transfer RNA acetylation regulates in vivo mammalian stress signaling. (2025; 10.1126/sciadv.ads2923),14
PPRC1,5UTR,-0.0184401015006815,1.5430460545757909e-59,1356,Negative,"3UTR:-0.00366 (FDR=2.2e-05, n=844) | 5UTR:-0.01844 (FDR=1.5e-59, n=1356) | CDS:-0.01555 (FDR=1e-13, n=1544)",C,general_RNA_biology;pre_mRNA_splicing,context_dependent_or_mixed,context_dependent,Type V collagen alpha 1 chain promotes the malignancy of glioblastoma through PPRC1-ESM1 axis activation and extracellular matrix remodeling. (2021; 10.1038/s41420-021-00661-3) || Genome-wide identification and functional analysis of dysregulated alternative splicing profiles in sepsis. (2023; 10.1186/s12950-023-00355-w) || Eugenol Promotes Apoptosis in Leukemia Cells via Targeting the Mitochondrial Biogenesis PPRC1 Gene. (2025; 10.3390/cells14040260),9
RBM8A,5UTR,-0.0165945370892018,2.7015253185534543e-47,984,Negative,"3UTR:-0.00559 (FDR=6.7e-10, n=375) | 5UTR:-0.01659 (FDR=2.7e-47, n=984) | CDS:-0.01641 (FDR=8.9e-20, n=1006)",A,direct_translation;general_RNA_biology;pre_mRNA_splicing;stability_or_decay,context_dependent_or_mixed,context_dependent,Expression and gene regulation network of <i>RBM8A</i> in hepatocellular carcinoma based on data mining. (2019; 10.18632/aging.101749) || The Exon Junction Complex Factor RBM8A in Glial Fibrillary Acid Protein-Expressing Astrocytes Modulates Locomotion Behaviors. (2024; 10.3390/cells13060498) || RBM8A promotes gastric cancer progression by binding with UPF3B to induce BBC3 mRNA degradation. (2025; 10.3892/ijmm.2025.5572),24
PPARGC1A,CDS,-0.0230565714115526,1.7586509456772206e-11,583,Negative,"3UTR:-0.00343 (FDR=0.00026, n=182) | 5UTR:-0.01659 (FDR=9.7e-32, n=677) | CDS:-0.02306 (FDR=1.8e-11, n=583)",A,direct_translation;general_RNA_biology;lncRNA;nuclear_export_or_retention;pre_mRNA_splicing;stability_or_decay,positive_candidate,candidate_discordant,Autophagy in age-related macular degeneration. (2023; 10.1080/15548627.2022.2069437) || Thyroid hormone (T<sub>3</sub>) stimulates brown adipose tissue activation via mitochondrial biogenesis and MTOR-mediated mitophagy. (2019; 10.1080/15548627.2018.1511263) || SnapShot: Regulation and biology of PGC-1α. (2022; 10.1016/j.cell.2022.03.027),24
AKAP1,CDS,-0.038376847690369,0.0819093610698365,5,Negative,"3UTR:-0.00158 (FDR=0.02, n=156) | CDS:-0.03838 (FDR=0.082, n=5)",A,direct_translation;general_RNA_biology;pre_mRNA_splicing;stability_or_decay,context_dependent_or_mixed,context_dependent,"AKAP1 enhances glycogen accumulation and hepatocarcinogenesis through YTHDF2-mediated G6PC mRNA decay. (2026; 10.1038/s41392-026-02733-1) || Mechanism of neuroprotective mitochondrial remodeling by PKA/AKAP1. (2011; 10.1371/journal.pbio.1000612) || LINC00323 knockdown suppresses the proliferation, migration, and vascular mimicry of non-small cell lung cancer cells by promoting ubiquitinated degradation of AKAP1. (2025; 10.1016/j.ncrna.2024.12.006)",24
DAZ4,CDS,-0.0404958289002469,0.8653343023255814,6,Negative,"3UTR:-0.01253 (FDR=0.0063, n=10) | CDS:-0.04050 (FDR=0.87, n=6)",D,general_RNA_biology,not_resolved_from_abstract,not_assessable,Multiscale analysis of pangenomes enables improved representation of genomic diversity for repetitive and clinically relevant genes. (2023; 10.1038/s41592-023-01914-y) || Associations of Y-chromosome subdeletion gr/gr with the prevalence of Y-chromosome haplogroups in infertile patients. (2011; 10.1038/ejhg.2010.151) || Discrimination of Deletion and Duplication Subtypes of the Deleted in Azoospermia Gene Family in the Context of Frequent Interloci Gene Conversion. (2016; 10.1371/journal.pone.0163936),3
